first_name,last_name,email,gender,active
Carlyle,Wadwell,cwadwell0@list-manage.com,Male,false
Glynis,Skaif,gskaif1@newyorker.com,Female,false
Sheba,Roalfe,sroalfe2@latimes.com,Female,false
Pattie,Pearse,ppearse3@google.com.au,Male,true
Kaitlin,Boyda,kboyda4@hao123.com,Female,false
Ariella,Deason,adeason5@techcrunch.com,Female,true
Alverta,Gley,agley6@bizjournals.com,Female,false
Doreen,Maystone,dmaystone7@cdbaby.com,Female,false
Tildy,Churchouse,tchurchouse8@chronoengine.com,Female,false
Freddie,Kleuer,fkleuer9@163.com,Female,false
Elna,Imos,eimosa@mail.ru,Female,true
Norbie,Troke,ntrokeb@people.com.cn,Male,true
Ken,Livett,klivettc@alibaba.com,Male,true
Georgette,Ashdown,gashdownd@homestead.com,Female,true
Ezri,Warrender,ewarrendere@slashdot.org,Male,true
Giselbert,Jorio,gjoriof@walmart.com,Male,false
Jo,Fosh,jfoshg@biglobe.ne.jp,Male,true
Paten,Roney,proneyh@xing.com,Male,true
Teodoor,Nussen,tnusseni@blogger.com,Male,false
Brittany,Cobon,bcobonj@illinois.edu,Female,true
Gordie,Hadaway,ghadawayk@google.co.uk,Male,true
Jedd,Conner,jconnerl@businessinsider.com,Male,false
Stanislaus,Dingle,sdinglem@mashable.com,Male,false
Karlan,Motion,kmotionn@home.pl,Male,true
Galvan,Boorman,gboormano@dot.gov,Male,false
Jamaal,Frewer,jfrewerp@comcast.net,Male,false
Marcelle,Sharrocks,msharrocksq@google.co.uk,Female,false
Barry,Pengelley,bpengelleyr@nhs.uk,Male,true
Leonid,Espley,lespleys@nationalgeographic.com,Male,false
Boniface,Ivanikhin,bivanikhint@senate.gov,Male,true
Dante,Burnyate,dburnyateu@taobao.com,Male,false
York,Putley,yputleyv@hubpages.com,Male,true
Norbert,Cavalier,ncavalierw@unicef.org,Male,false
Corney,Gricewood,cgricewoodx@hao123.com,Male,true
Guy,Goldup,ggoldupy@clickbank.net,Male,false
Ami,Prosser,aprosserz@yelp.com,Female,false
Dusty,Torrisi,dtorrisi10@mail.ru,Female,false
Shela,Crangle,scrangle11@newsvine.com,Female,true
Ragnar,McIlrath,rmcilrath12@arstechnica.com,Male,true
Mirabelle,Haylett,mhaylett13@howstuffworks.com,Female,false
Keelia,Fishpool,kfishpool14@liveinternet.ru,Female,true
Fons,Geharke,fgeharke15@weather.com,Male,false
Dyana,Abate,dabate16@engadget.com,Female,true
Stacey,Stockhill,sstockhill17@skyrock.com,Female,true
Enos,Raleston,eraleston18@economist.com,Male,true
Arlen,Binnes,abinnes19@smh.com.au,Male,false
Lew,Batrop,lbatrop1a@yale.edu,Male,false
Dosi,Joscelin,djoscelin1b@de.vu,Female,false
Helli,Bachellier,hbachellier1c@home.pl,Female,false
Malynda,Gonin,mgonin1d@seattletimes.com,Female,true
Chester,Bennallck,cbennallck1e@ftc.gov,Male,false
Jermaine,Bortoluzzi,jbortoluzzi1f@jugem.jp,Male,true
Harriot,Roja,hroja1g@hatena.ne.jp,Female,false
Cecil,Espinazo,cespinazo1h@dailymail.co.uk,Female,true
Roch,Cheese,rcheese1i@oakley.com,Female,false
Karine,Carver,kcarver1j@google.nl,Female,false
Allyce,Prowse,aprowse1k@mozilla.org,Female,true
Rennie,Hurll,rhurll1l@twitter.com,Female,false
Rosalyn,Cotty,rcotty1m@github.io,Female,false
Terrence,Gelland,tgelland1n@cdc.gov,Male,true
Gib,Yeardley,gyeardley1o@kickstarter.com,Male,false
Derick,Salvadori,dsalvadori1p@nature.com,Male,true
Kassandra,Puckham,kpuckham1q@google.nl,Female,false
Marni,Kingescot,mkingescot1r@tinyurl.com,Female,false
Dagmar,Suddock,dsuddock1s@google.de,Female,true
Frans,Flintoft,fflintoft1t@ow.ly,Male,false
Yvor,Ponten,yponten1u@gov.uk,Male,false
Filippa,Gilogly,fgilogly1v@acquirethisname.com,Female,false
Marielle,Gumme,mgumme1w@wordpress.org,Female,true
Bobbie,Kitteman,bkitteman1x@home.pl,Male,true
Daren,Thing,dthing1y@washington.edu,Male,true
Gayle,Franzewitch,gfranzewitch1z@taobao.com,Male,false
Farica,Evason,fevason20@studiopress.com,Female,false
Adam,Di Baudi,adibaudi21@phoca.cz,Male,true
Griselda,Brimfield,gbrimfield22@va.gov,Female,false
Denna,Hawick,dhawick23@mysql.com,Female,true
Fara,Angear,fangear24@netscape.com,Female,true
Elspeth,Gamil,egamil25@slideshare.net,Female,true
Antons,Potteridge,apotteridge26@time.com,Male,false
Phylis,Kenrack,pkenrack27@springer.com,Female,true
Claire,Indgs,cindgs28@ustream.tv,Female,true
Kylila,Abbys,kabbys29@europa.eu,Female,true
Lukas,Bramley,lbramley2a@ucsd.edu,Male,true
Aldric,Hirth,ahirth2b@theguardian.com,Male,true
Samaria,Athersmith,sathersmith2c@state.tx.us,Female,true
Kalina,Beathem,kbeathem2d@simplemachines.org,Female,false
Lem,Taffs,ltaffs2e@macromedia.com,Male,false
Holden,De Luna,hdeluna2f@friendfeed.com,Male,false
Sascha,Arkell,sarkell2g@privacy.gov.au,Female,false
Adrienne,Emons,aemons2h@bloglovin.com,Female,true
Beitris,Titford,btitford2i@pcworld.com,Female,false
Alfie,Fears,afears2j@cornell.edu,Male,true
Ileane,McColgan,imccolgan2k@devhub.com,Female,false
Tara,Matyushenko,tmatyushenko2l@wisc.edu,Female,true
Rickie,Addington,raddington2m@microsoft.com,Male,true
Lucilia,Blader,lblader2n@de.vu,Female,true
Giulia,Custance,gcustance2o@123-reg.co.uk,Female,false
Erwin,Streetley,estreetley2p@sbwire.com,Male,false
Esta,Vannar,evannar2q@homestead.com,Female,false
Axel,Mutimer,amutimer2r@shop-pro.jp,Male,false
Nicolais,Largent,nlargent2s@imageshack.us,Male,false
Deny,Bemrose,dbemrose2t@furl.net,Female,false
Marcy,Pohlak,mpohlak2u@exblog.jp,Female,false
Adams,Sprigg,asprigg2v@boston.com,Male,true
Doralyn,Pinel,dpinel2w@census.gov,Female,false
Sheri,Hutchison,shutchison2x@themeforest.net,Female,true
Bibi,Timmins,btimmins2y@ask.com,Female,true
Sharai,Giampietro,sgiampietro2z@is.gd,Female,false
Papagena,Poor,ppoor30@domainmarket.com,Female,true
Tatiania,Marcussen,tmarcussen31@geocities.jp,Female,false
Umberto,Eckhard,ueckhard32@wikia.com,Male,false
Kaitlin,Puden,kpuden33@instagram.com,Female,true
Davide,Heild,dheild34@youtube.com,Male,false
Pembroke,Snowding,psnowding35@yolasite.com,Male,false
Wang,Klus,wklus36@gmpg.org,Male,false
Jori,Brighouse,jbrighouse37@harvard.edu,Female,false
Perri,Filochov,pfilochov38@ucsd.edu,Female,true
Ricardo,Harcarse,rharcarse39@sciencedirect.com,Male,false
Allin,Freschi,afreschi3a@jalbum.net,Male,false
Farra,Finlry,ffinlry3b@rakuten.co.jp,Female,false
Gearard,Dyton,gdyton3c@reverbnation.com,Male,true
Del,Gercke,dgercke3d@privacy.gov.au,Female,false
Minetta,Keightley,mkeightley3e@epa.gov,Female,true
Sidnee,Jacobs,sjacobs3f@wisc.edu,Male,false
Flossy,Kempson,fkempson3g@usa.gov,Female,false
Catharine,MacGillivray,cmacgillivray3h@ebay.co.uk,Female,false
Kyle,Thibodeaux,kthibodeaux3i@storify.com,Female,true
Erv,Taffs,etaffs3j@cpanel.net,Male,false
Tessa,Roddick,troddick3k@netlog.com,Female,true
Jamey,Tregensoe,jtregensoe3l@cafepress.com,Male,true
Dino,Cabrer,dcabrer3m@artisteer.com,Male,true
Ammamaria,Scrivner,ascrivner3n@unc.edu,Female,true
Jessamine,Vasnev,jvasnev3o@uol.com.br,Female,true
Mirelle,Cullin,mcullin3p@infoseek.co.jp,Female,true
Teddi,Antrum,tantrum3q@theguardian.com,Female,false
Lea,Cornejo,lcornejo3r@creativecommons.org,Female,true
Nerissa,Bundy,nbundy3s@howstuffworks.com,Female,false
Guntar,Livsey,glivsey3t@surveymonkey.com,Male,true
Sibyl,Tsar,stsar3u@who.int,Male,true
Tonye,Bright,tbright3v@ezinearticles.com,Female,false
Elbert,Fowkes,efowkes3w@tripadvisor.com,Male,false
Pernell,Chilcott,pchilcott3x@cbsnews.com,Male,true
Anne-marie,Bonifazio,abonifazio3y@dedecms.com,Female,false
Gwendolyn,Canellas,gcanellas3z@xrea.com,Female,false
Teador,Best,tbest40@senate.gov,Male,true
Maurine,Scardafield,mscardafield41@topsy.com,Female,true
Cesaro,Clempton,cclempton42@pinterest.com,Male,true
Jerri,Rogan,jrogan43@soup.io,Male,true
Heloise,Jurkowski,hjurkowski44@seattletimes.com,Female,false
Simona,Mathely,smathely45@cmu.edu,Female,true
Jens,Hehl,jhehl46@wikipedia.org,Male,true
Judi,Seavers,jseavers47@multiply.com,Female,false
Frayda,Bromby,fbromby48@merriam-webster.com,Female,true
Roley,Woodgate,rwoodgate49@zimbio.com,Male,false
Harbert,Origin,horigin4a@studiopress.com,Male,false
Mildrid,Kembley,mkembley4b@ameblo.jp,Female,true
Ashby,Spinnace,aspinnace4c@geocities.jp,Male,false
Arnaldo,Rozea,arozea4d@yale.edu,Male,true
Kaylyn,Treske,ktreske4e@sfgate.com,Female,true
Flory,Nellis,fnellis4f@woothemes.com,Male,true
Patric,Gagan,pgagan4g@printfriendly.com,Male,false
Keeley,Mulvihill,kmulvihill4h@barnesandnoble.com,Female,true
Luca,Ygoe,lygoe4i@microsoft.com,Male,true
Willa,Mixworthy,wmixworthy4j@instagram.com,Female,false
Lion,Zanitti,lzanitti4k@storify.com,Male,false
Sonya,Dakers,sdakers4l@nature.com,Female,false
Nananne,Dudney,ndudney4m@cisco.com,Female,false
Tomasine,Jennaroy,tjennaroy4n@youku.com,Female,false
Delila,Cantos,dcantos4o@nydailynews.com,Female,true
Gertrud,Angus,gangus4p@so-net.ne.jp,Female,false
Hale,Ginni,hginni4q@bravesites.com,Male,true
Eleanore,Schwand,eschwand4r@desdev.cn,Female,false
Gilberto,Guppey,gguppey4s@scribd.com,Male,false
Charmian,Berkowitz,cberkowitz4t@phpbb.com,Female,true
Gris,Halpeine,ghalpeine4u@ycombinator.com,Male,true
Otis,Forson,oforson4v@cam.ac.uk,Male,true
Celine,Adnet,cadnet4w@statcounter.com,Female,false
Evvie,Butler,ebutler4x@discovery.com,Female,false
Fianna,Cutbush,fcutbush4y@intel.com,Female,true
Antoni,Kabos,akabos4z@unc.edu,Male,true
Biddie,Goare,bgoare50@wikia.com,Female,false
Farlie,Spellar,fspellar51@issuu.com,Male,false
Jere,Tomaini,jtomaini52@tripod.com,Female,true
Sasha,OIlier,soilier53@lulu.com,Female,false
Leandra,Leney,lleney54@tmall.com,Female,true
Franklin,Rubbert,frubbert55@vistaprint.com,Male,false
Salomo,Fomichyov,sfomichyov56@about.me,Male,false
Jerri,Yendle,jyendle57@rakuten.co.jp,Male,false
Delmar,Wasselin,dwasselin58@webmd.com,Male,false
Issy,Sarfati,isarfati59@typepad.com,Female,true
Baily,Chicco,bchicco5a@people.com.cn,Male,false
Cinderella,Manna,cmanna5b@naver.com,Female,true
Reid,Kort,rkort5c@storify.com,Male,true
Odilia,Emeny,oemeny5d@hatena.ne.jp,Female,false
Abbot,Ioselev,aioselev5e@ibm.com,Male,true
Avigdor,Sparrow,asparrow5f@github.io,Male,false
Lynnelle,Caulier,lcaulier5g@sogou.com,Female,true
Carine,Coram,ccoram5h@last.fm,Female,true
Teddie,Howatt,thowatt5i@youtu.be,Female,false
Mitchell,Lambis,mlambis5j@dell.com,Male,true
Martainn,Goulbourne,mgoulbourne5k@gov.uk,Male,true
Reginauld,Penhall,rpenhall5l@wiley.com,Male,true
Ardith,Whisker,awhisker5m@reuters.com,Female,false
Lura,Luther,lluther5n@accuweather.com,Female,false
Wenonah,Fumagallo,wfumagallo5o@wunderground.com,Female,true
Will,Dominico,wdominico5p@fotki.com,Male,true
Lenette,Trudgeon,ltrudgeon5q@un.org,Female,false
Vachel,Lackey,vlackey5r@hubpages.com,Male,false
Delaney,Fennell,dfennell5s@umich.edu,Male,false
Jocelin,O'Carrol,jocarrol5t@baidu.com,Female,false
Antonella,Elphee,aelphee5u@squarespace.com,Female,true
Derron,Hedditeh,dhedditeh5v@blog.com,Male,true
Amara,Scad,ascad5w@behance.net,Female,true
Cyrus,Orth,corth5x@scientificamerican.com,Male,true
Gertrud,Scowcroft,gscowcroft5y@infoseek.co.jp,Female,true
Adan,Battersby,abattersby5z@cnn.com,Female,true
Bealle,Adamou,badamou60@blogtalkradio.com,Male,true
Dalis,Morley,dmorley61@eventbrite.com,Male,true
Lissi,Joule,ljoule62@youku.com,Female,true
Kirsti,Kyme,kkyme63@simplemachines.org,Female,true
Kessia,Morat,kmorat64@pen.io,Female,true
Gael,Woolpert,gwoolpert65@bing.com,Male,true
Berkie,Turmell,bturmell66@mediafire.com,Male,false
Dalston,Dobbs,ddobbs67@booking.com,Male,true
Nappy,Badcock,nbadcock68@nsw.gov.au,Male,true
Ivor,Carrack,icarrack69@google.co.uk,Male,true
Jocelin,Kelberman,jkelberman6a@cnbc.com,Female,false
Faye,Patten,fpatten6b@ebay.co.uk,Female,false
Pegeen,Morsom,pmorsom6c@sciencedaily.com,Female,true
Nell,Sidary,nsidary6d@yandex.ru,Female,false
Feodora,Maddigan,fmaddigan6e@foxnews.com,Female,true
Trish,Bellino,tbellino6f@narod.ru,Female,false
Mildrid,Bees,mbees6g@mediafire.com,Female,true
Joana,Dusey,jdusey6h@boston.com,Female,true
Virgina,Cruwys,vcruwys6i@goodreads.com,Female,false
Glenine,Piggen,gpiggen6j@taobao.com,Female,false
Franklyn,Seers,fseers6k@bloomberg.com,Male,true
Ario,Digweed,adigweed6l@harvard.edu,Male,true
Boniface,Addicott,baddicott6m@washingtonpost.com,Male,true
Hanny,Rusbridge,hrusbridge6n@clickbank.net,Female,false
Mason,Ruos,mruos6o@plala.or.jp,Male,false
Gay,Cornfoot,gcornfoot6p@time.com,Female,false
Brant,Cubberley,bcubberley6q@stumbleupon.com,Male,true
Verene,Joutapavicius,vjoutapavicius6r@histats.com,Female,false
Felic,Petracchi,fpetracchi6s@wikipedia.org,Male,true
Pierre,Stadding,pstadding6t@deliciousdays.com,Male,true
Fanny,Heelis,fheelis6u@usatoday.com,Female,true
Regan,Statham,rstatham6v@naver.com,Female,true
Lauritz,Le Friec,llefriec6w@github.com,Male,true
Carolina,Mendes,cmendes6x@dmoz.org,Female,false
Janeva,Beresford,jberesford6y@ucoz.ru,Female,false
Cosetta,Starsmore,cstarsmore6z@github.io,Female,true
Marijo,Chave,mchave70@dropbox.com,Female,false
Adrienne,Hogbourne,ahogbourne71@sina.com.cn,Female,true
Penni,Linskill,plinskill72@so-net.ne.jp,Female,true
Ganny,Whiting,gwhiting73@ucsd.edu,Male,true
Renee,Armytage,rarmytage74@uiuc.edu,Female,false
Dewey,Lutton,dlutton75@sciencedirect.com,Male,false
Benedick,Sturm,bsturm76@fda.gov,Male,false
Cordie,Astie,castie77@sourceforge.net,Male,true
Frasquito,Poletto,fpoletto78@surveymonkey.com,Male,false
Gabriell,Warsop,gwarsop79@sciencedaily.com,Female,true
Peyter,Camber,pcamber7a@telegraph.co.uk,Male,true
Juditha,Carnock,jcarnock7b@dedecms.com,Female,false
Burlie,Denney,bdenney7c@newyorker.com,Male,true
Alisha,Reveland,areveland7d@sogou.com,Female,false
Julius,Burnell,jburnell7e@amazon.de,Male,true
Chevalier,Reiglar,creiglar7f@nifty.com,Male,false
Mommy,Seabourne,mseabourne7g@sakura.ne.jp,Female,false
Edgar,Dussy,edussy7h@bbb.org,Male,true
Rab,Ketley,rketley7i@cdbaby.com,Male,true
Yule,Bassill,ybassill7j@purevolume.com,Male,false
Augustin,Pudden,apudden7k@taobao.com,Male,true
Rutger,Snalum,rsnalum7l@examiner.com,Male,false
Kristel,Kenington,kkenington7m@ftc.gov,Female,true
Benedicta,Lunny,blunny7n@marketwatch.com,Female,false
Heriberto,Barwood,hbarwood7o@yellowpages.com,Male,true
Georgeanna,McLauchlin,gmclauchlin7p@loc.gov,Female,true
Katina,Scritch,kscritch7q@springer.com,Female,true
Noami,Grishechkin,ngrishechkin7r@chron.com,Female,true
Tabbatha,Rignold,trignold7s@kickstarter.com,Female,true
Eddie,Delahunt,edelahunt7t@ezinearticles.com,Female,false
Harald,Sloane,hsloane7u@java.com,Male,false
Victoria,Bauldrey,vbauldrey7v@1688.com,Female,true
Marcy,McAndie,mmcandie7w@cdc.gov,Female,false
Kinsley,O'Fihillie,kofihillie7x@columbia.edu,Male,false
Abbot,Spinetti,aspinetti7y@unesco.org,Male,true
Edin,Neeve,eneeve7z@ucsd.edu,Female,true
Patrice,Ebbins,pebbins80@woothemes.com,Female,true
Bendite,Dener,bdener81@merriam-webster.com,Female,false
Wyatan,Croutear,wcroutear82@angelfire.com,Male,false
Tess,Keningley,tkeningley83@wired.com,Female,false
Ramona,Kock,rkock84@arizona.edu,Female,true
Bunni,Garfath,bgarfath85@twitter.com,Female,false
Annadiana,Clemson,aclemson86@amazon.de,Female,false
Whitaker,Blumson,wblumson87@stanford.edu,Male,true
Burt,Parr,bparr88@unesco.org,Male,false
Laryssa,Ber,lber89@nsw.gov.au,Female,false
Stefan,Beldom,sbeldom8a@instagram.com,Male,true
Sydney,Davidou,sdavidou8b@is.gd,Female,false
Dulciana,Gulleford,dgulleford8c@theatlantic.com,Female,true
Gayler,Izard,gizard8d@meetup.com,Male,false
Charlotta,Fellnee,cfellnee8e@is.gd,Female,true
Rhonda,Binner,rbinner8f@army.mil,Female,false
Maurice,Florentine,mflorentine8g@123-reg.co.uk,Male,true
Tracy,Waring,twaring8h@nasa.gov,Male,false
Wernher,Nettle,wnettle8i@google.co.uk,Male,false
Salvatore,Watkiss,swatkiss8j@seattletimes.com,Male,true
Enriqueta,Mollison,emollison8k@usatoday.com,Female,false
Kathrine,Rex,krex8l@apache.org,Female,true
Alaine,Gomez,agomez8m@redcross.org,Female,true
Shela,Udey,sudey8n@livejournal.com,Female,false
Hercule,Bene,hbene8o@oakley.com,Male,true
Dorian,Kingcote,dkingcote8p@toplist.cz,Female,false
Stormi,Cruden,scruden8q@woothemes.com,Female,true
Glendon,Greenset,ggreenset8r@nydailynews.com,Male,false
Walt,Busson,wbusson8s@cdc.gov,Male,true
Beatrisa,Dole,bdole8t@1und1.de,Female,false
Judon,Passmore,jpassmore8u@hibu.com,Male,true
Sutton,Adanez,sadanez8v@yahoo.com,Male,true
Jamill,Ogglebie,jogglebie8w@barnesandnoble.com,Male,false
Rock,Hedworth,rhedworth8x@google.com.au,Male,false
Leontyne,Ledgerton,lledgerton8y@slashdot.org,Female,false
Ned,Grievson,ngrievson8z@cdbaby.com,Male,false
Micheil,Elies,melies90@theguardian.com,Male,true
Martelle,Stryde,mstryde91@constantcontact.com,Female,true
Rudolph,Cosins,rcosins92@yellowbook.com,Male,true
Theobald,Kingsnod,tkingsnod93@github.io,Male,true
Edwin,Danielis,edanielis94@europa.eu,Male,true
Karee,Wing,kwing95@nationalgeographic.com,Female,false
Luis,Bootell,lbootell96@mozilla.org,Male,false
Lindsey,Fruen,lfruen97@usgs.gov,Female,false
Pietrek,Alphonso,palphonso98@vistaprint.com,Male,true
Chip,Archbell,carchbell99@netvibes.com,Male,false
Eloisa,Harman,eharman9a@photobucket.com,Female,true
Edy,Chancelier,echancelier9b@xinhuanet.com,Female,true
Mikey,McSherry,mmcsherry9c@shareasale.com,Male,false
Lionel,Cudde,lcudde9d@bandcamp.com,Male,true
Neel,Schowenburg,nschowenburg9e@opera.com,Male,true
Lev,Spon,lspon9f@163.com,Male,false
Eadith,Seakes,eseakes9g@hp.com,Female,false
Shirleen,Kemble,skemble9h@hp.com,Female,true
Petra,Minto,pminto9i@princeton.edu,Female,false
Ambrosius,Klesl,aklesl9j@flavors.me,Male,false
Shaw,Waldie,swaldie9k@artisteer.com,Male,true
Lowell,Willcocks,lwillcocks9l@baidu.com,Male,false
Robinson,Balam,rbalam9m@over-blog.com,Male,true
Osgood,Smaleman,osmaleman9n@nifty.com,Male,true
Chilton,Gridley,cgridley9o@flickr.com,Male,false
Merrily,Halling,mhalling9p@foxnews.com,Female,false
Colet,Chinn,cchinn9q@mozilla.org,Male,true
Jacquelynn,Sebley,jsebley9r@census.gov,Female,false
Tyrone,Tiron,ttiron9s@hexun.com,Male,true
Ciel,Eaves,ceaves9t@yale.edu,Female,false
Shea,Wattisham,swattisham9u@ebay.com,Male,true
Hayley,Kensington,hkensington9v@topsy.com,Female,true
Traci,Scorah,tscorah9w@pagesperso-orange.fr,Female,false
Darren,Ondrusek,dondrusek9x@hubpages.com,Male,true
Demott,Campes,dcampes9y@printfriendly.com,Male,false
Gray,Tatnell,gtatnell9z@bizjournals.com,Male,true
Salvatore,Linley,slinleya0@tumblr.com,Male,true
Basilio,Cristofaro,bcristofaroa1@seattletimes.com,Male,false
Dorey,Malcolm,dmalcolma2@smugmug.com,Female,false
Mallory,Nibloe,mnibloea3@wordpress.com,Male,false
Leon,Dalwood,ldalwooda4@timesonline.co.uk,Male,true
Keir,Glashby,kglashbya5@buzzfeed.com,Male,true
Fransisco,Kennard,fkennarda6@paginegialle.it,Male,true
Baldwin,Strick,bstricka7@toplist.cz,Male,false
Evangeline,Curado,ecuradoa8@mozilla.com,Female,true
Wilmer,Dudill,wdudilla9@ask.com,Male,true
Emmye,Sparshatt,esparshattaa@technorati.com,Female,true
Nate,Ghion,nghionab@aboutads.info,Male,true
Cookie,O'Scandall,coscandallac@economist.com,Female,true
Eberhard,Wedlake,ewedlakead@google.co.uk,Male,false
Inga,MacAllaster,imacallasterae@pen.io,Female,false
Stacee,Powder,spowderaf@mapy.cz,Male,false
Cullie,Kennion,ckennionag@t.co,Male,true
Arlana,Lawry,alawryah@businessweek.com,Female,true
Regen,Murkin,rmurkinai@state.tx.us,Male,true
Noel,Popworth,npopworthaj@ovh.net,Female,true
Dione,Shory,dshoryak@who.int,Female,false
Curcio,Abrashkin,cabrashkinal@purevolume.com,Male,false
Annaliese,Crottagh,acrottagham@1688.com,Female,false
Hershel,Stuttman,hstuttmanan@msn.com,Male,true
Rainer,McCahey,rmccaheyao@soup.io,Male,true
Moe,Gosart,mgosartap@myspace.com,Male,false
Matilde,Tschersich,mtschersichaq@newyorker.com,Female,true
Norma,Baccup,nbaccupar@live.com,Female,true
Adolphe,Boland,abolandas@ibm.com,Male,false
Veriee,Rostron,vrostronat@pbs.org,Female,false
Frank,Girardeau,fgirardeauau@typepad.com,Male,true
Gayla,Flipek,gflipekav@ucoz.ru,Female,false
Pren,Mazey,pmazeyaw@chronoengine.com,Male,true
Stearn,Hallows,shallowsax@vkontakte.ru,Male,true
Carey,Skene,cskeneay@jiathis.com,Male,false
Madeleine,Buller,mbulleraz@soup.io,Female,true
Blaine,Westwell,bwestwellb0@hhs.gov,Male,true
Otha,Hover,ohoverb1@umich.edu,Female,true
Connie,Jones,cjonesb2@cpanel.net,Female,true
Lydon,Parton,lpartonb3@example.com,Male,false
Porter,O'Noulane,ponoulaneb4@studiopress.com,Male,true
Derwin,Dougary,ddougaryb5@wiley.com,Male,true
Fanchon,Bernardeau,fbernardeaub6@patch.com,Female,false
Grier,Cordery,gcorderyb7@github.com,Female,true
Benedetto,Morefield,bmorefieldb8@moonfruit.com,Male,false
Shaughn,Costall,scostallb9@ameblo.jp,Male,true
Gardy,Luetkemeyer,gluetkemeyerba@ted.com,Male,false
Jenifer,MacVicar,jmacvicarbb@soundcloud.com,Female,false
Emmery,Mardell,emardellbc@nsw.gov.au,Male,false
Rouvin,Howkins,rhowkinsbd@wordpress.org,Male,true
Sunny,Burchatt,sburchattbe@usnews.com,Male,true
Gardiner,Ogilby,gogilbybf@tumblr.com,Male,false
Willabella,Stanborough,wstanboroughbg@elpais.com,Female,true
Floris,Brandenburg,fbrandenburgbh@who.int,Female,true
Ansley,Skitral,askitralbi@soup.io,Female,true
Mimi,Haggarty,mhaggartybj@latimes.com,Female,true
Elliott,Patley,epatleybk@alexa.com,Male,false
Lois,Klementz,lklementzbl@yandex.ru,Female,true
Cameron,Barnby,cbarnbybm@jigsy.com,Male,false
Leonelle,Martinson,lmartinsonbn@va.gov,Female,true
Lavinie,Meininking,lmeininkingbo@cafepress.com,Female,true
Clemente,Burridge,cburridgebp@wikipedia.org,Male,false
Lock,Tumility,ltumilitybq@desdev.cn,Male,true
Theodor,Heaney,theaneybr@senate.gov,Male,true
Inga,Reed,ireedbs@cdc.gov,Female,false
Edgardo,Petrasch,epetraschbt@gravatar.com,Male,false
Rosy,Gregoraci,rgregoracibu@unblog.fr,Female,false
Winona,Smitherham,wsmitherhambv@abc.net.au,Female,false
Margette,Callacher,mcallacherbw@wikimedia.org,Female,true
Frances,Doiley,fdoileybx@furl.net,Female,true
Darci,Saurin,dsaurinby@marriott.com,Female,true
Nicola,Bernade,nbernadebz@istockphoto.com,Male,true
Loise,Janecki,ljaneckic0@twitter.com,Female,false
Brittne,Wildber,bwildberc1@state.gov,Female,true
Ase,Mabbutt,amabbuttc2@qq.com,Male,true
Frederica,Hakonsson,fhakonssonc3@hhs.gov,Female,false
Fleur,Bentzen,fbentzenc4@zdnet.com,Female,false
Alistair,Stump,astumpc5@sohu.com,Male,true
Ephraim,McGonnell,emcgonnellc6@irs.gov,Male,true
Engracia,Gisby,egisbyc7@ft.com,Female,true
Gretta,Paske,gpaskec8@geocities.jp,Female,false
Marianne,Ganiford,mganifordc9@printfriendly.com,Female,true
Kaiser,Omar,komarca@acquirethisname.com,Male,false
Lucita,Leversha,llevershacb@cbc.ca,Female,true
Nero,Dunnett,ndunnettcc@dyndns.org,Male,true
Darbee,Marham,dmarhamcd@nymag.com,Male,true
Ingrim,Newbery,inewberyce@friendfeed.com,Male,true
Eamon,Wrey,ewreycf@youku.com,Male,false
Hammad,Borles,hborlescg@marketwatch.com,Male,false
Filippa,Soaper,fsoaperch@admin.ch,Female,false
Kacey,Beche,kbecheci@theatlantic.com,Female,false
Hermon,Scruton,hscrutoncj@unicef.org,Male,false
Lucy,Szimoni,lszimonick@usgs.gov,Female,false
Kellsie,Ahrenius,kahreniuscl@rediff.com,Female,true
Alano,Allam,aallamcm@yandex.ru,Male,true
Tandie,Weald,twealdcn@google.ca,Female,false
Delmore,Nanuccioi,dnanuccioico@twitpic.com,Male,true
Erwin,McWhin,emcwhincp@networksolutions.com,Male,false
Geoffrey,Goosey,ggooseycq@angelfire.com,Male,true
Clarke,Rakes,crakescr@huffingtonpost.com,Male,true
Matthias,Dodge,mdodgecs@4shared.com,Male,false
Jacklin,Spinelli,jspinellict@list-manage.com,Female,true
Gail,Moules,gmoulescu@wufoo.com,Female,true
Beverly,Seymour,bseymourcv@instagram.com,Female,true
Claudius,Gavrielly,cgavriellycw@amazonaws.com,Male,false
Fawnia,Kellogg,fkelloggcx@ed.gov,Female,true
Adelaide,Bollard,abollardcy@blogtalkradio.com,Female,false
Kaylee,Capron,kcaproncz@vimeo.com,Female,true
Berkeley,Iacobo,biacobod0@canalblog.com,Male,false
Vail,Yeiles,vyeilesd1@tiny.cc,Male,false
Hayden,Hrachovec,hhrachovecd2@nhs.uk,Male,true
Layney,Behnecken,lbehneckend3@jalbum.net,Female,true
Burlie,Delaney,bdelaneyd4@nyu.edu,Male,true
Efrem,Thurman,ethurmand5@ihg.com,Male,false
Stacey,Ferreira,sferreirad6@cnet.com,Female,false
Hanni,Hamshaw,hhamshawd7@merriam-webster.com,Female,true
Ardisj,O' Donohue,aodonohued8@ow.ly,Female,true
Yorgo,Georghiou,ygeorghioud9@ezinearticles.com,Male,true
Derrick,Emeney,demeneyda@pinterest.com,Male,false
Nerta,Riditch,nriditchdb@google.com.au,Female,true
Sybila,Eick,seickdc@go.com,Female,false
Benni,Fielden,bfieldendd@wikimedia.org,Female,false
Godwin,Peters,gpetersde@hatena.ne.jp,Male,true
Grace,Lehemann,glehemanndf@slashdot.org,Female,true
Karoline,Simmonds,ksimmondsdg@timesonline.co.uk,Female,false
Carmon,Costall,ccostalldh@apple.com,Female,false
Hubert,Chatelet,hchateletdi@opera.com,Male,true
Jabez,Sigars,jsigarsdj@furl.net,Male,false
Salaidh,de Najera,sdenajeradk@fda.gov,Female,false
Ania,Moraleda,amoraledadl@51.la,Female,false
Dyna,Cozins,dcozinsdm@elpais.com,Female,false
Amerigo,Mobbs,amobbsdn@google.cn,Male,false
Ronnie,Esome,resomedo@gmpg.org,Female,false
Gerta,Narey,gnareydp@answers.com,Female,true
Bessy,Takis,btakisdq@moonfruit.com,Female,false
Marje,O'Hern,moherndr@japanpost.jp,Female,false
Meggie,Paoloni,mpaolonids@squarespace.com,Female,true
Ignace,Southwick,isouthwickdt@yale.edu,Male,false
Nowell,Mowle,nmowledu@myspace.com,Male,true
Ruperta,Brinsden,rbrinsdendv@mlb.com,Female,true
Cosette,Hawk,chawkdw@taobao.com,Female,false
Korry,Franzonello,kfranzonellodx@ftc.gov,Female,false
Arline,Castleton,acastletondy@mlb.com,Female,false
Jabez,Winks,jwinksdz@163.com,Male,true
Briny,Vonasek,bvonaseke0@miibeian.gov.cn,Female,false
Francisco,Georgeon,fgeorgeone1@newyorker.com,Male,true
Rodolphe,Franckton,rfrancktone2@github.com,Male,true
Timothy,Shoosmith,tshoosmithe3@dropbox.com,Male,false
Lauren,Eloy,leloye4@ted.com,Female,false
Bidget,Fawckner,bfawcknere5@walmart.com,Female,false
Angelia,Sheehan,asheehane6@jigsy.com,Female,false
Sissy,Strettle,sstrettlee7@comcast.net,Female,false
Corny,Antoney,cantoneye8@indiegogo.com,Male,true
Baldwin,Reekie,breekiee9@1und1.de,Male,true
Boyd,Filby,bfilbyea@jimdo.com,Male,false
Ario,Soppit,asoppiteb@1688.com,Male,false
Ynes,Rebeiro,yrebeiroec@wp.com,Female,false
Enos,Challace,echallaceed@naver.com,Male,true
Gertrud,Stolz,gstolzee@mail.ru,Female,false
Garland,Aynsley,gaynsleyef@macromedia.com,Female,false
Lezley,Warlawe,lwarlaweeg@meetup.com,Male,true
Lamont,Selway,lselwayeh@cisco.com,Male,true
Braden,Betjes,bbetjesei@twitter.com,Male,true
Algernon,Dodimead,adodimeadej@sciencedaily.com,Male,true
Fey,Briscow,fbriscowek@parallels.com,Female,true
Angelique,Sabie,asabieel@cafepress.com,Female,true
Willyt,Merner,wmernerem@bing.com,Female,false
Suzette,Scotchbourouge,sscotchbourougeen@addthis.com,Female,false
Walt,Iddenden,widdendeneo@de.vu,Male,true
Davis,Thomelin,dthomelinep@thetimes.co.uk,Male,false
Briano,Cawkwell,bcawkwelleq@w3.org,Male,false
Shurlocke,Squire,ssquireer@mozilla.org,Male,false
Kimberly,Benoy,kbenoyes@twitter.com,Female,true
Emlyn,Buckel,ebuckelet@paypal.com,Female,false
Kip,Kyston,kkystoneu@gmpg.org,Male,false
Wynn,Frantsev,wfrantsevev@digg.com,Female,true
Linus,Pymm,lpymmew@example.com,Male,false
Gray,Allitt,gallittex@cafepress.com,Female,true
Nealy,Cubberley,ncubberleyey@auda.org.au,Male,false
Madonna,Jailler,mjaillerez@reference.com,Female,false
Montgomery,Eam,meamf0@spotify.com,Male,false
Noby,Hovey,nhoveyf1@cyberchimps.com,Male,false
Grace,Dominichetti,gdominichettif2@exblog.jp,Male,true
Micky,Sapauton,msapautonf3@qq.com,Female,true
Esra,Geraldez,egeraldezf4@google.co.jp,Male,true
Minnaminnie,Culkin,mculkinf5@mysql.com,Female,true
Rhodie,Alywin,ralywinf6@tinypic.com,Female,false
Roma,Huxham,rhuxhamf7@vimeo.com,Male,true
Salomon,D'Emanuele,sdemanuelef8@fc2.com,Male,true
Tabatha,Parratt,tparrattf9@chronoengine.com,Female,false
Mallory,Doore,mdoorefa@chronoengine.com,Female,false
Geraldine,Attew,gattewfb@chicagotribune.com,Female,false
Phillip,McLucky,pmcluckyfc@sohu.com,Male,false
Cullan,Masurel,cmasurelfd@harvard.edu,Male,true
Joannes,Longmire,jlongmirefe@theguardian.com,Female,false
Tommie,Tampion,ttampionff@gravatar.com,Female,false
Cathee,McCooke,cmccookefg@xrea.com,Female,true
Margareta,Galley,mgalleyfh@foxnews.com,Female,false
Jewell,Meikle,jmeiklefi@theguardian.com,Female,true
Moise,Jurkowski,mjurkowskifj@meetup.com,Male,false
Cynthy,Band,cbandfk@ebay.co.uk,Female,true
Fransisco,Cordobes,fcordobesfl@unicef.org,Male,false
Wolfgang,Frood,wfroodfm@webeden.co.uk,Male,true
Elna,Brownlie,ebrownliefn@arstechnica.com,Female,true
Leann,Lambarton,llambartonfo@latimes.com,Female,false
Justus,Kirtland,jkirtlandfp@facebook.com,Male,false
Roxana,Catcheside,rcatchesidefq@goo.gl,Female,false
Jeno,Capron,jcapronfr@dmoz.org,Male,false
Dredi,Pierri,dpierrifs@youtu.be,Female,true
Rolando,De Domenici,rdedomenicift@narod.ru,Male,true
Peria,Tine,ptinefu@statcounter.com,Female,false
Jeremias,Dolden,jdoldenfv@instagram.com,Male,true
Caryn,Dumblton,cdumbltonfw@reverbnation.com,Female,false
Cozmo,Tasch,ctaschfx@webnode.com,Male,true
Antone,Sango,asangofy@purevolume.com,Male,true
Alessandro,Quenell,aquenellfz@cargocollective.com,Male,false
Ruthi,Boggis,rboggisg0@technorati.com,Female,false
Alessandro,Philler,aphillerg1@zdnet.com,Male,true
Ardelia,Chasteau,achasteaug2@photobucket.com,Female,false
Kip,Haxell,khaxellg3@cbslocal.com,Male,false
Chev,Ovitts,covittsg4@harvard.edu,Male,false
Aindrea,Mulran,amulrang5@soup.io,Female,true
Felike,Popple,fpoppleg6@mayoclinic.com,Male,true
Dean,Leibold,dleiboldg7@wisc.edu,Male,false
Jay,McCallion,jmccalliong8@slate.com,Male,false
Ring,Hebblewaite,rhebblewaiteg9@npr.org,Male,false
Dolli,Howson,dhowsonga@twitter.com,Female,true
Byrann,Jakubski,bjakubskigb@shinystat.com,Male,false
Murial,Benzies,mbenziesgc@fema.gov,Female,false
Ruthe,Caddens,rcaddensgd@prnewswire.com,Female,true
Tadio,Hryncewicz,thryncewiczge@simplemachines.org,Male,true
Silvester,Succamore,ssuccamoregf@ovh.net,Male,true
Rockey,Reignould,rreignouldgg@msn.com,Male,true
Katee,Letessier,kletessiergh@ow.ly,Female,true
Gussie,Dayes,gdayesgi@edublogs.org,Female,true
Adore,Moorman,amoormangj@hc360.com,Female,false
Granny,Coopman,gcoopmangk@un.org,Male,true
Elysee,Ounsworth,eounsworthgl@xinhuanet.com,Female,false
Carlina,Kopps,ckoppsgm@prlog.org,Female,false
Jessie,MacCathay,jmaccathaygn@independent.co.uk,Male,false
Cynthie,Gong,cgonggo@quantcast.com,Female,false
Mandie,Redolfi,mredolfigp@zimbio.com,Female,false
Kareem,Nielson,knielsongq@yahoo.co.jp,Male,false
Rianon,Jemmison,rjemmisongr@miibeian.gov.cn,Female,false
Clo,Staker,cstakergs@samsung.com,Female,true
Cymbre,Calven,ccalvengt@sitemeter.com,Female,true
Hieronymus,Blampied,hblampiedgu@netlog.com,Male,true
Gillan,Manchester,gmanchestergv@opera.com,Female,false
Darb,Caplen,dcaplengw@goo.ne.jp,Male,false
Frankie,Drake,fdrakegx@weebly.com,Male,true
Stanly,Battleson,sbattlesongy@fema.gov,Male,false
Camel,Tedman,ctedmangz@gravatar.com,Female,false
Raymund,Rowesby,rrowesbyh0@aol.com,Male,false
Parsifal,Murkin,pmurkinh1@simplemachines.org,Male,false
Steffane,Brotherhood,sbrotherhoodh2@washington.edu,Female,true
Alic,Ellcock,aellcockh3@miitbeian.gov.cn,Male,true
Bette,Kundert,bkunderth4@bbc.co.uk,Female,true
Blair,Drysdale,bdrysdaleh5@newsvine.com,Female,true
Gregorio,Beazey,gbeazeyh6@tripadvisor.com,Male,false
Cairistiona,Eldredge,celdredgeh7@cargocollective.com,Female,true
Delainey,Treffry,dtreffryh8@about.me,Male,true
Clerkclaude,Breens,cbreensh9@loc.gov,Male,false
Fulton,Major,fmajorha@spiegel.de,Male,true
Marleah,Fuzzens,mfuzzenshb@sourceforge.net,Female,true
Catha,Herries,cherrieshc@abc.net.au,Female,false
Petey,Tallyn,ptallynhd@amazon.co.uk,Male,true
Coralyn,Brozsset,cbrozssethe@slideshare.net,Female,false
Bren,Goulter,bgoulterhf@typepad.com,Female,false
Natty,Lowton,nlowtonhg@jiathis.com,Male,true
Carma,Druhan,cdruhanhh@xinhuanet.com,Female,false
Tiebold,Smittoune,tsmittounehi@mlb.com,Male,false
Caryl,Sondon,csondonhj@java.com,Female,true
Deedee,Fawcett,dfawcetthk@bluehost.com,Female,true
Loella,Silcock,lsilcockhl@trellian.com,Female,true
Redford,Guierre,rguierrehm@msn.com,Male,false
Ferdy,Weson,fwesonhn@fc2.com,Male,true
Wes,Dradey,wdradeyho@typepad.com,Male,false
Gusta,Roblou,groblouhp@is.gd,Female,false
Sheelah,Rishworth,srishworthhq@domainmarket.com,Female,true
Vic,Moohan,vmoohanhr@dyndns.org,Male,false
Coriss,Brute,cbrutehs@soup.io,Female,false
Clive,Dallow,cdallowht@about.com,Male,true
Merwin,Devanney,mdevanneyhu@house.gov,Male,false
Lorettalorna,Serjeant,lserjeanthv@newyorker.com,Female,false
Pinchas,Gianninotti,pgianninottihw@cbsnews.com,Male,true
Frants,Ballay,fballayhx@sohu.com,Male,true
Morgun,Townsend,mtownsendhy@issuu.com,Male,false
Lee,Trundell,ltrundellhz@ow.ly,Male,false
Upton,Trees,utreesi0@nydailynews.com,Male,true
Robin,Stenett,rstenetti1@home.pl,Male,false
Niven,Parramore,nparramorei2@constantcontact.com,Male,true
Annelise,Clausen-Thue,aclausenthuei3@youtube.com,Female,true
Maisie,Gabitis,mgabitisi4@cpanel.net,Female,false
Bernetta,Strute,bstrutei5@home.pl,Female,false
Vanny,Talbot,vtalboti6@dropbox.com,Female,true
Ali,Rohlf,arohlfi7@yellowbook.com,Male,true
April,Harnetty,aharnettyi8@wikia.com,Female,false
Shelba,Vallance,svallancei9@miibeian.gov.cn,Female,false
Lorrayne,Padula,lpadulaia@loc.gov,Female,false
Bernhard,Mundee,bmundeeib@twitpic.com,Male,false
Towney,Budnik,tbudnikic@liveinternet.ru,Male,true
Galen,Widmoor,gwidmoorid@nbcnews.com,Male,false
Ronda,Benbough,rbenboughie@youtu.be,Female,true
Adria,Pucker,apuckerif@feedburner.com,Female,false
Morgen,Lazare,mlazareig@hhs.gov,Female,true
Neddy,Hoy,nhoyih@google.it,Male,false
Lennie,Alcide,lalcideii@yelp.com,Male,false
Davina,Condict,dcondictij@w3.org,Female,true
Abe,Drinkale,adrinkaleik@geocities.com,Male,false
Madalena,Devitt,mdevittil@jalbum.net,Female,false
Isahella,Sinkinson,isinkinsonim@msu.edu,Female,true
Kort,Dutnell,kdutnellin@boston.com,Male,false
Jehu,Fayers,jfayersio@deliciousdays.com,Male,false
Devlen,Eisak,deisakip@eventbrite.com,Male,true
Robinet,Forsdicke,rforsdickeiq@archive.org,Female,false
Modesty,Jaques,mjaquesir@ftc.gov,Female,true
Thane,Templar,ttemplaris@amazon.co.uk,Male,true
Lesli,Maiden,lmaidenit@patch.com,Female,true
Jule,Matokhnin,jmatokhniniu@naver.com,Male,true
Renelle,Van der Krui,rvanderkruiiv@reference.com,Female,false
Cullin,Kelland,ckellandiw@cnbc.com,Male,false
Catrina,Allbones,callbonesix@loc.gov,Female,false
Idell,Roskelley,iroskelleyiy@home.pl,Female,true
Tandi,Loos,tloosiz@squidoo.com,Female,true
Whitney,Moubray,wmoubrayj0@nih.gov,Female,false
Ban,Henningham,bhenninghamj1@histats.com,Male,true
Leon,Androlli,landrollij2@addthis.com,Male,false
Waldon,Wintle,wwintlej3@mayoclinic.com,Male,false
Bevvy,Selbach,bselbachj4@ocn.ne.jp,Female,true
Vere,Coolican,vcoolicanj5@huffingtonpost.com,Female,false
Agustin,MacGillacolm,amacgillacolmj6@ameblo.jp,Male,false
Von,Goldthorpe,vgoldthorpej7@blogtalkradio.com,Male,false
Andrej,Babe,ababej8@netvibes.com,Male,false
Normie,Bock,nbockj9@cbslocal.com,Male,true
Far,Perett,fperettja@yolasite.com,Male,false
Aveline,Whitlam,awhitlamjb@cafepress.com,Female,false
Florie,Krout,fkroutjc@umn.edu,Female,false
Petronille,Lobe,plobejd@latimes.com,Female,true
Quint,Zum Felde,qzumfeldeje@newyorker.com,Male,true
Lexy,Boole,lboolejf@ft.com,Female,true
Herculie,Avo,havojg@sina.com.cn,Male,false
Arlina,Holywell,aholywelljh@prnewswire.com,Female,false
Doloritas,Gummery,dgummeryji@army.mil,Female,false
Suzanna,Faherty,sfahertyjj@un.org,Female,true
Dermot,Croux,dcrouxjk@buzzfeed.com,Male,true
Nevsa,Cordon,ncordonjl@si.edu,Female,false
Norine,Geeraert,ngeeraertjm@netvibes.com,Female,true
Kristo,Tidd,ktiddjn@msu.edu,Male,true
Forest,Magner,fmagnerjo@sohu.com,Male,false
Electra,Klausewitz,eklausewitzjp@fastcompany.com,Female,false
Desmund,Matkin,dmatkinjq@theguardian.com,Male,false
Jodie,Avis,javisjr@uiuc.edu,Male,false
Rickie,Crosseland,rcrosselandjs@scribd.com,Female,false
Erna,Tudbald,etudbaldjt@theatlantic.com,Female,true
Dunc,Orchart,dorchartju@hud.gov,Male,false
Aida,Galpin,agalpinjv@feedburner.com,Female,true
Ciro,Eastam,ceastamjw@sciencedaily.com,Male,true
Tristan,Knuckles,tknucklesjx@desdev.cn,Male,true
Eden,Bewshire,ebewshirejy@nih.gov,Female,false
Aurie,Wood,awoodjz@unblog.fr,Female,true
Ferne,Benedicto,fbenedictok0@washingtonpost.com,Female,true
Ainslee,Schott,aschottk1@ebay.co.uk,Female,false
Sloane,Brood,sbroodk2@bloglovin.com,Male,true
Mala,Poulglais,mpoulglaisk3@indiatimes.com,Female,true
Shayne,Crannage,scrannagek4@blogspot.com,Male,true
Ingram,McGaughey,imcgaugheyk5@businessweek.com,Male,true
Sibyl,Farge,sfargek6@whitehouse.gov,Male,true
Pedro,Bainbrigge,pbainbriggek7@webmd.com,Male,false
Finley,Gyver,fgyverk8@sbwire.com,Male,false
Shannon,Trotton,strottonk9@telegraph.co.uk,Female,true
Vallie,Jeffree,vjeffreeka@baidu.com,Female,true
Sholom,Lewty,slewtykb@sakura.ne.jp,Male,false
Sidonia,Wreath,swreathkc@pagesperso-orange.fr,Female,true
Brenna,Ellif,bellifkd@e-recht24.de,Female,false
Prentiss,Marconi,pmarconike@theglobeandmail.com,Male,true
Renee,Euesden,reuesdenkf@alibaba.com,Female,true
Charisse,Phelan,cphelankg@japanpost.jp,Female,false
Shalna,Voelker,svoelkerkh@ibm.com,Female,true
Vinson,Kettow,vkettowki@google.com.au,Male,false
Torrey,Lumley,tlumleykj@nationalgeographic.com,Male,true
Noach,Kemmish,nkemmishkk@squidoo.com,Male,true
Bud,Verlinden,bverlindenkl@wufoo.com,Male,false
Edik,Hotson,ehotsonkm@seattletimes.com,Male,true
Netti,Slidders,nslidderskn@cisco.com,Female,true
Ashley,Santon,asantonko@mit.edu,Female,true
Marlin,Canet,mcanetkp@engadget.com,Male,true
Clary,Dines,cdineskq@blinklist.com,Female,true
Oswald,Kneaphsey,okneaphseykr@cdc.gov,Male,false
Erskine,Dallicott,edallicottks@t.co,Male,false
Sabra,Wills,swillskt@infoseek.co.jp,Female,false
Marcella,Accombe,maccombeku@php.net,Female,true
Myles,Mattiassi,mmattiassikv@bbc.co.uk,Male,true
Carlina,Dericot,cdericotkw@ameblo.jp,Female,true
Zerk,Kubicki,zkubickikx@amazon.co.uk,Male,false
Arnaldo,Bickardike,abickardikeky@blinklist.com,Male,true
Roland,Marrett,rmarrettkz@berkeley.edu,Male,true
Louisa,O'Mohun,lomohunl0@unc.edu,Female,true
Martino,Blaycock,mblaycockl1@seattletimes.com,Male,false
Vaughan,Nurcombe,vnurcombel2@amazon.co.uk,Male,false
Oran,von Grollmann,ovongrollmannl3@timesonline.co.uk,Male,false
Kerk,Codman,kcodmanl4@exblog.jp,Male,false
Burton,Roaf,broafl5@nih.gov,Male,false
Elli,Hissett,ehissettl6@creativecommons.org,Female,false
Marybeth,Finey,mfineyl7@sourceforge.net,Female,false
Alford,Cawkill,acawkilll8@cloudflare.com,Male,true
Rhodia,Di Bartolomeo,rdibartolomeol9@jalbum.net,Female,false
Mick,Emer,memerla@blog.com,Male,false
Khalil,Loadsman,kloadsmanlb@fotki.com,Male,true
Morie,Ruddiforth,mruddiforthlc@senate.gov,Male,false
Danna,Duckinfield,dduckinfieldld@mediafire.com,Female,false
Guglielmo,Shinton,gshintonle@sphinn.com,Male,false
Sibyl,Trusslove,strusslovelf@is.gd,Male,true
Patricia,Cominetti,pcominettilg@paginegialle.it,Female,false
Salome,Parkhouse,sparkhouselh@businessinsider.com,Female,true
Arny,Raffin,araffinli@intel.com,Male,false
Betteanne,Bestall,bbestalllj@si.edu,Female,false
Griswold,Lawerence,glawerencelk@tamu.edu,Male,false
Howey,Botwood,hbotwoodll@google.nl,Male,false
Veronique,Markham,vmarkhamlm@umich.edu,Female,true
Cherie,Sherlock,csherlockln@house.gov,Female,false
Brittney,MacAnellye,bmacanellyelo@pcworld.com,Female,false
Shayna,Jull,sjulllp@shareasale.com,Female,false
Ichabod,Ledger,iledgerlq@skyrock.com,Male,false
Lanni,Court,lcourtlr@posterous.com,Female,false
Mahalia,Threadkell,mthreadkellls@walmart.com,Female,false
Melina,Chadney,mchadneylt@ebay.com,Female,false
Kim,Hachette,khachettelu@hexun.com,Male,true
Angelo,Sancho,asancholv@wunderground.com,Male,true
Mela,Fuzzard,mfuzzardlw@godaddy.com,Female,false
Lauretta,McCurtin,lmccurtinlx@apple.com,Female,true
Gail,Bonn,gbonnly@creativecommons.org,Male,false
Reena,Shemwell,rshemwelllz@sakura.ne.jp,Female,true
Doreen,Alpine,dalpinem0@istockphoto.com,Female,false
Alley,Redholls,aredhollsm1@amazon.com,Male,false
Maegan,Twelve,mtwelvem2@telegraph.co.uk,Female,true
Vinnie,Kasparski,vkasparskim3@sogou.com,Male,false
Findley,Jiruch,fjiruchm4@google.co.jp,Male,false
Aldrich,Hellyer,ahellyerm5@digg.com,Male,false
Meredeth,Johann,mjohannm6@4shared.com,Male,true
Casar,MacGillicuddy,cmacgillicuddym7@zdnet.com,Male,true
Kania,McLaverty,kmclavertym8@prnewswire.com,Female,true
Tad,Brobeck,tbrobeckm9@guardian.co.uk,Male,true
Duncan,Doerr,ddoerrma@ezinearticles.com,Male,true
Geoffry,Tailby,gtailbymb@nih.gov,Male,true
Tammy,Marsy,tmarsymc@studiopress.com,Male,true
Gabi,Petz,gpetzmd@dyndns.org,Male,false
Aguste,Burles,aburlesme@friendfeed.com,Male,true
Allyn,Darlow,adarlowmf@un.org,Male,true
Rees,Alway,ralwaymg@google.com.au,Male,false
Chris,Adcocks,cadcocksmh@china.com.cn,Female,true
Elva,Barkaway,ebarkawaymi@jalbum.net,Female,true
Alida,Izatson,aizatsonmj@homestead.com,Female,false
Melly,Cumming,mcummingmk@ning.com,Female,false
Vasily,Artrick,vartrickml@purevolume.com,Male,true
Bev,Maciocia,bmaciociamm@go.com,Female,false
Tansy,MacCosto,tmaccostomn@gov.uk,Female,true
Broddie,Litzmann,blitzmannmo@etsy.com,Male,false
Merrielle,Stilliard,mstilliardmp@scribd.com,Female,false
Wes,Norfolk,wnorfolkmq@macromedia.com,Male,false
Nadiya,Iglesias,niglesiasmr@shop-pro.jp,Female,false
Charita,Fayer,cfayerms@cnbc.com,Female,true
Zonnya,Wiggett,zwiggettmt@google.com,Female,true
Audrye,Yurevich,ayurevichmu@spiegel.de,Female,false
Rory,Muirden,rmuirdenmv@psu.edu,Female,false
Ginelle,Raikes,graikesmw@vkontakte.ru,Female,true
Friederike,Buncher,fbunchermx@umich.edu,Female,true
Willetta,Lamberts,wlambertsmy@mapquest.com,Female,true
Madelle,Allworthy,mallworthymz@usgs.gov,Female,false
Norrie,Ghelardi,nghelardin0@accuweather.com,Male,false
Bondon,Smartman,bsmartmann1@oaic.gov.au,Male,false
Reinaldos,Wynrehame,rwynrehamen2@ning.com,Male,true
Billye,Denisot,bdenisotn3@diigo.com,Female,true
Hertha,Middell,hmiddelln4@slashdot.org,Female,false
Tanny,Dovidian,tdovidiann5@earthlink.net,Male,false
Atlante,Le Page,alepagen6@discuz.net,Female,true
Morris,Asquez,masquezn7@nasa.gov,Male,true
Cosimo,Giacobazzi,cgiacobazzin8@cafepress.com,Male,false
Verna,Haddon,vhaddonn9@constantcontact.com,Female,false
Wileen,Lockyer,wlockyerna@dedecms.com,Female,true
Montague,Morl,mmorlnb@ebay.co.uk,Male,false
Virgil,Rintoul,vrintoulnc@npr.org,Male,true
Ryann,Ismirnioglou,rismirnioglound@redcross.org,Female,true
Staci,Bontein,sbonteinne@biglobe.ne.jp,Female,false
Andie,Burgher,aburghernf@shutterfly.com,Male,false
Saxe,Birkmyr,sbirkmyrng@is.gd,Male,true
Nels,Ragat,nragatnh@nationalgeographic.com,Male,true
Aile,Spencock,aspencockni@usda.gov,Female,false
Fitz,Caspell,fcaspellnj@sakura.ne.jp,Male,false
Riccardo,Lesser,rlessernk@xrea.com,Male,true
Riccardo,Seggie,rseggienl@dailymotion.com,Male,true
Caprice,Taw,ctawnm@ed.gov,Female,false
Melonie,Rich,mrichnn@meetup.com,Female,true
Edee,Ivashev,eivashevno@mapy.cz,Female,true
Prudy,Rustadge,prustadgenp@twitpic.com,Female,false
Lea,Foyston,lfoystonnq@t.co,Female,false
Derry,Fabry,dfabrynr@blogspot.com,Male,false
Tony,Tomasi,ttomasins@squarespace.com,Female,false
Dionysus,Fears,dfearsnt@paginegialle.it,Male,false
Mirella,Kyngdon,mkyngdonnu@flavors.me,Female,true
Malcolm,Ochiltree,mochiltreenv@imageshack.us,Male,false
Libbey,Annets,lannetsnw@netscape.com,Female,false
Killie,Haggerston,khaggerstonnx@google.cn,Male,false
Tessy,Cahillane,tcahillaneny@wikia.com,Female,true
Helenka,Condell,hcondellnz@google.nl,Female,true
Karla,Lyburn,klyburno0@theglobeandmail.com,Female,false
Leonelle,Fagence,lfagenceo1@sfgate.com,Female,false
Bruis,Cruwys,bcruwyso2@uiuc.edu,Male,false
Thorn,Finicj,tfinicjo3@dailymail.co.uk,Male,true
Lainey,Dani,ldanio4@reuters.com,Female,true
Hermie,Gittins,hgittinso5@cpanel.net,Male,true
Stoddard,Airton,sairtono6@narod.ru,Female,false
Natal,Hulland,nhullando7@4shared.com,Male,false
Darda,Krzysztofiak,dkrzysztofiako8@odnoklassniki.ru,Female,false
Kizzee,Fawdry,kfawdryo9@cam.ac.uk,Female,false
Starr,Barnaby,sbarnabyoa@addthis.com,Female,true
Gerome,St. John,gstjohnob@cdc.gov,Male,false
Linea,Munnings,lmunningsoc@cnet.com,Female,true
Erminia,Childers,echildersod@nba.com,Female,true
Sonni,Ferandez,sferandezoe@phoca.cz,Female,true
Shay,Earngy,searngyof@miibeian.gov.cn,Male,false
Aldo,Spellacey,aspellaceyog@nba.com,Male,true
Jorie,Piffe,jpiffeoh@typepad.com,Female,false
Tandie,Darrington,tdarringtonoi@spiegel.de,Female,false
Car,Sextie,csextieoj@guardian.co.uk,Male,false
Vaclav,Hexter,vhexterok@exblog.jp,Male,false
Walker,Warrior,wwarriorol@sciencedaily.com,Male,false
Bren,Knotte,bknotteom@rambler.ru,Male,false
Rudolfo,Delacote,rdelacoteon@merriam-webster.com,Male,true
Helen-elizabeth,Pawelek,hpawelekoo@wikimedia.org,Female,true
Devy,Faithorn,dfaithornop@jalbum.net,Male,false
Belva,Drever,bdreveroq@ox.ac.uk,Female,false
Kennan,Lee,kleeor@accuweather.com,Male,false
Mortimer,Oldred,moldredos@bloglines.com,Male,false
Thaine,Gillott,tgillottot@ustream.tv,Male,false
Ferdinande,Cosson,fcossonou@merriam-webster.com,Female,false
Devlen,Pescott,dpescottov@mit.edu,Male,false
Leanna,Odom,lodomow@examiner.com,Female,false
Glynn,Ceschini,gceschiniox@weather.com,Male,false
Elie,Dorcey,edorceyoy@auda.org.au,Female,false
Ebonee,Goodbody,egoodbodyoz@nytimes.com,Female,false
Dory,Ramsbotham,dramsbothamp0@kickstarter.com,Male,false
Beverly,O' Faherty,bofahertyp1@cargocollective.com,Female,true
Lind,Cruwys,lcruwysp2@illinois.edu,Male,true
Alva,Germain,agermainp3@foxnews.com,Male,true
Llewellyn,Axel,laxelp4@wired.com,Male,true
Giovanna,Rowson,growsonp5@ted.com,Female,false
Flss,Chaise,fchaisep6@php.net,Female,true
Franny,Clarke-Williams,fclarkewilliamsp7@prnewswire.com,Male,true
Oriana,Petti,opettip8@nature.com,Female,true
Cyril,Boote,cbootep9@thetimes.co.uk,Male,true
Eugenie,Eddowis,eeddowispa@jigsy.com,Female,false
Mozes,Llewellin,mllewellinpb@archive.org,Male,false
Donnajean,Greatrex,dgreatrexpc@sitemeter.com,Female,true
Noelani,Synder,nsynderpd@europa.eu,Female,true
Julita,Paulus,jpauluspe@netscape.com,Female,false
Sinclare,Fedoronko,sfedoronkopf@forbes.com,Male,true
Sharline,Josefowicz,sjosefowiczpg@nytimes.com,Female,false
Loralee,Tremeer,ltremeerph@last.fm,Female,false
Modesty,Kendred,mkendredpi@archive.org,Female,false
Anny,Farmery,afarmerypj@imdb.com,Female,true
Kessiah,Ching,kchingpk@macromedia.com,Female,false
Tasia,Ferbrache,tferbrachepl@umich.edu,Female,false
Loise,De la Eglise,ldelaeglisepm@chron.com,Female,true
Jayme,Guiraud,jguiraudpn@berkeley.edu,Female,true
Marget,Willden,mwilldenpo@imdb.com,Female,true
Teddi,Borit,tboritpp@ezinearticles.com,Female,true
Shep,Gwilym,sgwilympq@zimbio.com,Male,false
Tudor,Earle,tearlepr@ucsd.edu,Male,false
Shandie,Augie,saugieps@studiopress.com,Female,false
Marc,Vasser,mvasserpt@arizona.edu,Male,true
Erda,Earie,eeariepu@stanford.edu,Female,true
Ian,Fibbings,ifibbingspv@bloglovin.com,Male,true
Georgi,Ivetts,givettspw@wiley.com,Male,false
Richmond,Cradduck,rcradduckpx@xinhuanet.com,Male,true
Almeria,Roebuck,aroebuckpy@princeton.edu,Female,false
Hendrika,Robyns,hrobynspz@wunderground.com,Female,true
Ara,Fines,afinesq0@nps.gov,Male,true
Lucas,Galsworthy,lgalsworthyq1@indiatimes.com,Male,false
Rubin,Primak,rprimakq2@upenn.edu,Male,false
Daile,Dovidian,ddovidianq3@myspace.com,Female,false
Buddy,Ropcke,bropckeq4@rakuten.co.jp,Male,true
Raffarty,Huttley,rhuttleyq5@etsy.com,Male,false
Angelique,Sanbrook,asanbrookq6@soundcloud.com,Female,false
Gray,Fulleylove,gfulleyloveq7@angelfire.com,Male,false
Brigida,Chiene,bchieneq8@trellian.com,Female,false
Bjorn,Assante,bassanteq9@yelp.com,Male,false
Evonne,Klimkowski,eklimkowskiqa@samsung.com,Female,false
Kasey,Ringsell,kringsellqb@vkontakte.ru,Female,false
Carlie,Mosdill,cmosdillqc@edublogs.org,Male,true
Zane,Brandli,zbrandliqd@oaic.gov.au,Male,false
Victoria,Cutteridge,vcutteridgeqe@bbb.org,Female,true
Bren,Curzon,bcurzonqf@creativecommons.org,Male,false
Torrey,Boness,tbonessqg@taobao.com,Male,false
Jerry,Renne,jrenneqh@weebly.com,Female,false
Maisie,Salling,msallingqi@nydailynews.com,Female,true
Goldie,Fairclough,gfaircloughqj@nih.gov,Female,false
Norton,Warsap,nwarsapqk@odnoklassniki.ru,Male,true
Gill,Stubbes,gstubbesql@china.com.cn,Male,true
Chere,Ahern,cahernqm@google.com.au,Female,false
Sephira,Elsip,selsipqn@domainmarket.com,Female,true
Calvin,Rehorek,crehorekqo@illinois.edu,Male,false
Kort,Yarranton,kyarrantonqp@oakley.com,Male,true
Gilly,Gianiello,ggianielloqq@sphinn.com,Female,false
Lenka,Ganing,lganingqr@ustream.tv,Female,true
Thibaut,Tudge,ttudgeqs@cbslocal.com,Male,true
Cyndi,Lafford,claffordqt@un.org,Female,true
Robinet,Boote,rbootequ@skype.com,Female,false
Owen,Feavers,ofeaversqv@businessweek.com,Male,false
Eleonore,Braitling,ebraitlingqw@house.gov,Female,false
Karl,Ludewig,kludewigqx@army.mil,Male,false
Kerk,Kay,kkayqy@wordpress.org,Male,false
Suki,Damant,sdamantqz@csmonitor.com,Female,true
Merilyn,Gillitt,mgillittr0@google.de,Female,true
Ludwig,Curnow,lcurnowr1@comsenz.com,Male,true
Boris,Thundercliffe,bthundercliffer2@unc.edu,Male,false
Lowe,Kubal,lkubalr3@google.nl,Male,true
Marcia,Meers,mmeersr4@cdbaby.com,Female,false
Vernen,Rao,vraor5@gizmodo.com,Male,true
Lucie,Clandillon,lclandillonr6@paginegialle.it,Female,false
Roobbie,Polo,rpolor7@marriott.com,Female,true
Wynnie,Burtt,wburttr8@fda.gov,Female,true
Kit,Andre,kandrer9@naver.com,Female,false
Arabelle,Zipsell,azipsellra@youtu.be,Female,false
Magdalene,Youles,myoulesrb@simplemachines.org,Female,false
Joelynn,Bangs,jbangsrc@51.la,Female,true
Edgar,Browell,ebrowellrd@shareasale.com,Male,false
Errol,Drew,edrewre@tripadvisor.com,Male,true
Alain,Boaler,aboalerrf@tumblr.com,Male,true
Maurizia,Oswick,moswickrg@squidoo.com,Female,true
Harriet,Woodroffe,hwoodrofferh@arstechnica.com,Female,true
Nevins,Hischke,nhischkeri@nytimes.com,Male,false
Denni,Jurs,djursrj@fda.gov,Female,true
Trip,Iuorio,tiuoriork@fc2.com,Male,true
Jennine,Mourant,jmourantrl@shinystat.com,Female,false
Wyn,Ablitt,wablittrm@vimeo.com,Male,false
Lindsey,Iannini,lianninirn@is.gd,Female,true
Kermy,Saw,ksawro@biglobe.ne.jp,Male,true
Sanford,Eldred,seldredrp@sakura.ne.jp,Male,false
Guillema,Zamudio,gzamudiorq@ucla.edu,Female,true
Kathlin,Bream,kbreamrr@about.me,Female,false
