Vendor Name,address1,Their city,their state?,zippy code,active
Riffpedia,992 Little Fleur Court,Des Moines,Iowa,50305,true
Thoughtblab,355 Cody Alley,Montgomery,Alabama,36177,false
Realbuzz,03335 Carberry Way,San Diego,California,92176,true
Lazz,3428 High Crossing Junction,Bakersfield,California,93386,false
Tagtune,426 Hovde Circle,Waltham,Massachusetts,02453,true
Photospace,834 Lyons Hill,Roanoke,Virginia,24020,true
Buzzbean,7840 Towne Circle,Charleston,West Virginia,25356,true
Jaxbean,3840 Kinsman Avenue,Lexington,Kentucky,40515,true
Voonte,13 Ridge Oak Place,Charleston,South Carolina,29424,true
Mynte,28472 Golf Course Court,Washington,District of Columbia,20599,true
Jaloo,31532 Dwight Terrace,Bellevue,Washington,98008,false
Realpoint,7 Delaware Drive,Memphis,Tennessee,38150,false
Blogtag,823 Bluejay Parkway,Tulsa,Oklahoma,74116,false
Kwimbee,41 American Ash Lane,Las Vegas,Nevada,89160,true
Plajo,23 Nobel Terrace,Flushing,New York,11355,true
Yakijo,2 Gerald Terrace,Canton,Ohio,44710,false
Yacero,76412 Rigney Place,Tallahassee,Florida,32304,false
Layo,546 Grim Trail,Newark,New Jersey,07112,false
Zoomcast,7091 Huxley Junction,Salt Lake City,Utah,84140,false
Feedfire,0813 Lawn Way,Memphis,Tennessee,38119,false
Voonte,0078 Mallory Pass,Saginaw,Michigan,48604,false
Edgetag,1 Crest Line Crossing,Irvine,California,92619,false
Viva,248 Pawling Terrace,Seminole,Florida,34642,false
Zoombox,78155 Meadow Vale Park,Springfield,Illinois,62723,false
Flashspan,41904 Katie Alley,Providence,Rhode Island,02905,true
Youspan,2984 Corben Pass,Roanoke,Virginia,24014,true
Yacero,77 Del Mar Plaza,Beaverton,Oregon,97075,true
Realbridge,23 Cordelia Court,Jackson,Tennessee,38308,true
Kayveo,07 Mariners Cove Pass,Bronx,New York,10459,false
Jabbersphere,75867 Jackson Junction,Trenton,New Jersey,08619,true
Zooxo,5952 Schmedeman Parkway,Flint,Michigan,48555,false
Kimia,696 Bunker Hill Parkway,Charlottesville,Virginia,22903,true
Jaloo,3 Meadow Valley Road,El Paso,Texas,79994,true
Ntag,94600 Beilfuss Junction,Fresno,California,93778,true
Feedspan,5768 Di Loreto Road,Fort Worth,Texas,76147,true
Tazz,0 Boyd Parkway,Springfield,Illinois,62794,false
Topiczoom,7074 Prairieview Drive,Dallas,Texas,75277,true
Linklinks,9 Lyons Way,Las Vegas,Nevada,89193,true
Kanoodle,01538 Prentice Road,Rockford,Illinois,61110,false
Npath,81 Westridge Drive,Houston,Texas,77218,false
Tazz,136 Mendota Hill,Frankfort,Kentucky,40618,false
Twiyo,9117 Mitchell Parkway,Buffalo,New York,14276,true
Bubbletube,5 Pine View Trail,Anchorage,Alaska,99517,false
Edgetag,83 Village Point,New York City,New York,10099,true
Voonyx,6 Springview Terrace,Annapolis,Maryland,21405,true
Ooba,54 Oriole Road,Cleveland,Ohio,44185,true
Tazzy,4 Rockefeller Road,San Jose,California,95150,true
Jabberbean,0774 Homewood Terrace,Las Vegas,Nevada,89155,false
Linkbuzz,4 Manley Place,Reading,Pennsylvania,19605,false
Oloo,261 Coolidge Place,Pomona,California,91797,false
LiveZ,645 Fuller Avenue,Everett,Washington,98206,false
Babbleset,60317 Rusk Plaza,Lancaster,Pennsylvania,17605,true
Trudeo,7 Pennsylvania Parkway,Dallas,Texas,75221,true
Skajo,22989 Elka Drive,Lansing,Michigan,48912,false
Skinte,74 Garrison Trail,Houston,Texas,77020,true
Thoughtstorm,23424 Northwestern Trail,Washington,District of Columbia,20566,false
Dabtype,3 Reinke Crossing,Boston,Massachusetts,02283,false
Yambee,9486 Fair Oaks Trail,Phoenix,Arizona,85045,false
Fivechat,8 Duke Circle,Idaho Falls,Idaho,83405,false
Youfeed,1 Thierer Avenue,Charleston,West Virginia,25326,true
Ntag,3274 Ludington Circle,Oklahoma City,Oklahoma,73114,true
Photobean,45957 Westridge Street,Ridgely,Maryland,21684,false
Vipe,02418 Ryan Lane,Columbus,Georgia,31914,true
Riffpedia,0 Butternut Court,Melbourne,Florida,32941,true
Blogtags,129 Acker Terrace,Glendale,California,91205,false
Brightdog,4257 Haas Point,Boise,Idaho,83711,true
Jabbersphere,2 Welch Alley,Beaufort,South Carolina,29905,false
Miboo,2803 Lyons Terrace,Anniston,Alabama,36205,true
Demivee,08 3rd Lane,Washington,District of Columbia,20337,false
Wikivu,0142 Rockefeller Parkway,Levittown,Pennsylvania,19058,true
Dabfeed,51089 Bultman Hill,Houston,Texas,77260,false
Twitterwire,0 Johnson Park,Tucson,Arizona,85725,false
Yata,8557 Lien Way,Glendale,Arizona,85305,true
Quatz,9 Transport Avenue,Washington,District of Columbia,20062,true
Brightbean,3 Kenwood Hill,Jackson,Tennessee,38308,false
Linkbuzz,2 Jackson Center,Orange,California,92867,false
Browseblab,11 Garrison Terrace,Joliet,Illinois,60435,true
Wikizz,725 South Crossing,Chattanooga,Tennessee,37410,false
Wordpedia,682 Kennedy Trail,Pittsburgh,Pennsylvania,15210,true
Edgetag,3859 1st Parkway,Las Vegas,Nevada,89125,true
Skaboo,699 Grover Street,Houston,Texas,77212,true
Camido,8 Ludington Park,Murfreesboro,Tennessee,37131,false
Feedfire,3782 Caliangt Avenue,Chattanooga,Tennessee,37405,true
Tambee,4153 International Road,Lake Charles,Louisiana,70616,true
Aimbu,3484 Wayridge Trail,Norfolk,Virginia,23520,false
Meevee,48725 Warrior Way,Jacksonville,Florida,32215,false
Brightdog,2481 Fieldstone Court,Brockton,Massachusetts,02305,false
Topicstorm,64 Bowman Park,Orange,California,92862,true
Kazio,03643 Dwight Hill,Worcester,Massachusetts,01654,false
Babblestorm,741 Ilene Avenue,Dallas,Texas,75310,false
Meeveo,3 Toban Circle,Phoenix,Arizona,85020,true
Skimia,42 Arapahoe Avenue,Houston,Texas,77020,true
Vipe,2 Judy Road,Springfield,Missouri,65810,false
Trudeo,72313 Tony Terrace,Houston,Texas,77288,true
Meembee,2598 Continental Point,Pompano Beach,Florida,33069,true
Chatterbridge,0 Parkside Circle,Las Vegas,Nevada,89155,false
Plajo,6 Orin Hill,Louisville,Kentucky,40205,true
Lazzy,48658 Crest Line Avenue,Los Angeles,California,90065,true
Wordware,872 Hauk Trail,Washington,District of Columbia,20430,false
Npath,4633 Novick Trail,Raleigh,North Carolina,27621,true
Photospace,57502 Dryden Road,Chattanooga,Tennessee,37405,true
Photofeed,38412 Thackeray Street,Nashville,Tennessee,37220,false
Browsetype,30 Hintze Point,Charleston,West Virginia,25331,false
Tanoodle,195 Eagan Alley,San Bernardino,California,92410,true
Agivu,4740 Farwell Center,Lexington,Kentucky,40581,true
Jazzy,65628 Nobel Pass,Louisville,Kentucky,40220,true
Lazzy,3 Ohio Drive,Rochester,New York,14609,false
Flipbug,05 Melby Trail,Roanoke,Virginia,24040,true
Yozio,120 Delaware Avenue,New York City,New York,10009,true
Quinu,357 Bunker Hill Pass,Roanoke,Virginia,24029,false
Twiyo,1 Utah Pass,Baltimore,Maryland,21211,false
Aimbu,6 Lyons Point,Portsmouth,Virginia,23705,true
Skyndu,0324 Tennessee Parkway,Saint Louis,Missouri,63180,false
Mita,336 Butterfield Junction,Rochester,New York,14646,false
Twitternation,676 Gulseth Center,Knoxville,Tennessee,37995,false
Dazzlesphere,82 Melrose Pass,Sioux Falls,South Dakota,57105,true
Rooxo,74 Bashford Center,New Orleans,Louisiana,70154,false
Jayo,2976 Lakeland Avenue,Omaha,Nebraska,68105,false
Meeveo,866 Mayfield Circle,New York City,New York,10009,false
Feedbug,7 Graceland Lane,Lincoln,Nebraska,68583,true
Oloo,2516 Lighthouse Bay Crossing,Englewood,Colorado,80150,false
Mynte,6 Fair Oaks Pass,Brooklyn,New York,11241,false
LiveZ,3251 Paget Junction,Bronx,New York,10459,true
Kare,3 Darwin Trail,Seattle,Washington,98166,false
Photojam,9426 Manitowish Pass,Omaha,Nebraska,68197,false
Rhybox,75819 Dawn Terrace,Atlanta,Georgia,30380,false
Jaxworks,45 Oneill Lane,San Diego,California,92191,true
Tagtune,78 Longview Park,Salt Lake City,Utah,84152,true
Shuffledrive,70 Kingsford Terrace,Ogden,Utah,84409,false
Edgeblab,47 Express Avenue,Baton Rouge,Louisiana,70820,false
Kwimbee,22 Orin Way,Portland,Oregon,97206,true
Zooxo,26662 Browning Plaza,North Hollywood,California,91616,false
Digitube,73 Waubesa Point,Lima,Ohio,45807,false
Demivee,81749 Welch Pass,Pasadena,California,91109,true
Skipstorm,7386 Messerschmidt Point,Flushing,New York,11355,false
Gigaclub,4934 Dwight Place,Dallas,Texas,75397,false
Mybuzz,23 Summit Alley,Wilmington,Delaware,19892,false
Dabfeed,49005 Hintze Plaza,Elizabeth,New Jersey,07208,true
Myworks,7 Carpenter Terrace,Salt Lake City,Utah,84199,true
Photolist,7608 Charing Cross Way,Corpus Christi,Texas,78470,false
Leenti,07 Barnett Circle,Montgomery,Alabama,36134,true
Realbridge,9 Ryan Center,Athens,Georgia,30605,false
Ozu,4861 Monument Road,Gainesville,Florida,32610,false
Twitterworks,0 Orin Place,Norfolk,Virginia,23504,false
Vitz,45169 Armistice Terrace,Columbia,South Carolina,29203,false
Wordtune,028 Maple Junction,New Haven,Connecticut,06510,true
Wordtune,254 Lillian Place,Gainesville,Florida,32627,false
Muxo,1759 Kipling Place,Chicago,Illinois,60669,true
Abata,850 Crownhardt Point,Little Rock,Arkansas,72209,true
Voolith,01 Maple Wood Center,Irving,Texas,75062,true
Thoughtmix,563 Autumn Leaf Court,Tuscaloosa,Alabama,35487,false
Twitterbridge,8 Randy Alley,Washington,District of Columbia,20580,true
Kwimbee,927 Bunker Hill Avenue,Tulsa,Oklahoma,74193,false
Wordpedia,55 Pepper Wood Court,Honolulu,Hawaii,96825,false
Lajo,20 Bluejay Trail,Houston,Texas,77299,true
Oyope,25353 Golden Leaf Plaza,Jacksonville,Florida,32244,true
Realpoint,0485 Thierer Alley,Oklahoma City,Oklahoma,73119,true
Trilia,72595 Pankratz Way,Dallas,Texas,75210,false
Edgeclub,862 Harbort Alley,Sacramento,California,95865,true
Livetube,15817 4th Point,Stockton,California,95219,false
Flashpoint,6 Nelson Avenue,Los Angeles,California,90040,true
Yotz,3296 Kinsman Terrace,Minneapolis,Minnesota,55428,false
Topicshots,54 Everett Drive,Montgomery,Alabama,36177,true
Vinder,0 Orin Drive,Cedar Rapids,Iowa,52410,true
Tagfeed,3 Dakota Junction,Macon,Georgia,31210,true
Teklist,7 Transport Circle,Troy,Michigan,48098,true
Twitterbeat,2 Memorial Park,Fort Wayne,Indiana,46867,true
Tagfeed,3 Steensland Way,Whittier,California,90605,true
Kwideo,33 Cherokee Center,Sioux Falls,South Dakota,57198,true
Twimbo,48884 Wayridge Street,Memphis,Tennessee,38131,false
Chatterpoint,11557 Sugar Court,Augusta,Georgia,30911,false
Zooveo,96671 Everett Drive,Durham,North Carolina,27710,true
Leexo,778 Pawling Drive,Fort Lauderdale,Florida,33320,true
Innojam,18195 Commercial Place,Los Angeles,California,90005,true
Babbleopia,4500 Magdeline Center,Syracuse,New York,13210,true
Blogtags,35310 Mifflin Place,Lincoln,Nebraska,68510,false
Tambee,17 Village Green Circle,Billings,Montana,59112,false
Gigaclub,24263 Rutledge Court,Schaumburg,Illinois,60193,false
Photojam,4 Knutson Road,Virginia Beach,Virginia,23459,false
Quamba,1 School Junction,Washington,District of Columbia,20566,true
Pixonyx,74 Bobwhite Circle,Inglewood,California,90398,false
Tazzy,33490 4th Alley,Charlotte,North Carolina,28289,true
Nlounge,8826 Mandrake Plaza,Tacoma,Washington,98447,true
Dablist,644 Killdeer Point,Pittsburgh,Pennsylvania,15215,true
Linklinks,95875 Truax Crossing,Lees Summit,Missouri,64082,true
Flipbug,37629 Sullivan Park,Evansville,Indiana,47737,true
Twitternation,169 Melvin Park,Lubbock,Texas,79415,false
Babblestorm,819 Bunker Hill Pass,Newport Beach,California,92662,true
Dynabox,48317 Fieldstone Way,Denver,Colorado,80255,false
Kimia,3771 Novick Pass,Albany,New York,12247,false
Skipstorm,34880 Mcguire Way,Evansville,Indiana,47747,true
Vinte,389 Porter Street,Denver,Colorado,80235,false
Jayo,91 Loeprich Trail,Charlotte,North Carolina,28247,true
Oyoba,0 Larry Avenue,Irvine,California,92710,true
Tavu,47 Dunning Crossing,Southfield,Michigan,48076,false
Thoughtbeat,03 Fremont Plaza,Arlington,Texas,76096,true
Flashset,9540 Jackson Circle,Fort Worth,Texas,76192,true
Flashspan,248 Mosinee Parkway,El Paso,Texas,88574,true
Skyndu,088 Hermina Center,Lansing,Michigan,48919,true
Feedfire,2 Messerschmidt Road,Cleveland,Ohio,44130,true
Vinder,7041 Kedzie Road,Champaign,Illinois,61825,true
Brainlounge,366 Elka Place,Metairie,Louisiana,70033,false
Yodoo,90 Sutherland Pass,Houston,Texas,77065,false
Topicshots,920 Dottie Point,Largo,Florida,33777,false
Topicblab,679 American Point,El Paso,Texas,88589,true
Edgeify,829 Comanche Road,Fayetteville,North Carolina,28305,true
Camimbo,55 Bunting Trail,Anniston,Alabama,36205,true
Quinu,2 Monterey Point,Richmond,Virginia,23285,false
Babbleopia,2467 Sheridan Alley,Richmond,Virginia,23220,false
Eazzy,9 Golf View Avenue,Mobile,Alabama,36605,true
Roomm,32412 Bobwhite Terrace,Atlanta,Georgia,30343,false
Voonte,746 Riverside Junction,Buffalo,New York,14233,true
Oodoo,2 Walton Trail,Albuquerque,New Mexico,87121,true
Aivee,66442 Crowley Way,Jamaica,New York,11499,false
Quimba,43844 Meadow Valley Drive,Tulsa,Oklahoma,74133,false
Voomm,14 Prairieview Trail,Saint Louis,Missouri,63143,true
Dabvine,0687 Boyd Trail,Philadelphia,Pennsylvania,19141,true
Gabvine,2 Stephen Center,Fort Pierce,Florida,34981,false
Photolist,31303 Gina Place,Annapolis,Maryland,21405,true
Quamba,818 Sachtjen Park,Garland,Texas,75049,true
Tagopia,1238 Spaight Trail,Dayton,Ohio,45408,false
Jabbertype,0941 Thompson Pass,Toledo,Ohio,43635,true
Snaptags,8 Heffernan Drive,Denton,Texas,76210,false
Livetube,2171 Schurz Plaza,Tucson,Arizona,85754,false
Jabbercube,066 Alpine Parkway,Palmdale,California,93591,false
Edgeblab,9585 Hoard Plaza,San Diego,California,92153,true
Yodel,2 Almo Terrace,Silver Spring,Maryland,20904,true
Twitterbridge,461 Maryland Park,Hampton,Virginia,23668,false
Vinte,1881 Summerview Center,Denver,Colorado,80299,false
Tanoodle,60 Dawn Park,Bozeman,Montana,59771,false
Mydeo,99907 Northridge Lane,Raleigh,North Carolina,27610,true
Devcast,12640 Ryan Court,Duluth,Minnesota,55805,false
Demizz,9909 East Circle,Dallas,Texas,75287,true
Cogibox,02448 Trailsway Court,Inglewood,California,90310,false
Flashdog,474 Westridge Parkway,Garden Grove,California,92844,false
Twinte,01246 Roth Terrace,Milwaukee,Wisconsin,53263,false
Pixope,1015 Maryland Court,Beaufort,South Carolina,29905,true
Voonder,9773 Elgar Alley,Washington,District of Columbia,20442,true
Muxo,02387 Bashford Circle,Little Rock,Arkansas,72222,false
Tagopia,3 Crownhardt Trail,Syracuse,New York,13224,false
Topdrive,62660 Meadow Vale Parkway,Shawnee Mission,Kansas,66210,false
Feednation,30357 Roxbury Parkway,San Francisco,California,94126,false
Blogtag,9080 South Point,Washington,District of Columbia,20409,false
Photolist,91 Lukken Hill,Houston,Texas,77055,false
Babbleset,96043 Sheridan Lane,Huntsville,Alabama,35805,true
Rooxo,67093 Summerview Road,New York City,New York,10019,false
Bluejam,188 Larry Pass,New Haven,Connecticut,06533,true
Youtags,713 Debra Road,Topeka,Kansas,66617,true
Blogtag,31854 Eagle Crest Street,Atlanta,Georgia,30328,false
Trudeo,58106 Hollow Ridge Parkway,Honolulu,Hawaii,96850,false
Bubbletube,63 Armistice Hill,Arlington,Virginia,22212,true
Edgeblab,00735 Towne Trail,Charlotte,North Carolina,28272,true
Thoughtworks,14 Carberry Road,Nashville,Tennessee,37250,true
Rhynoodle,7436 Miller Trail,Arlington,Texas,76004,false
Jayo,8428 Meadow Vale Avenue,Plano,Texas,75074,true
Fliptune,748 Kensington Terrace,Los Angeles,California,90015,false
Eimbee,6627 Loomis Park,Johnson City,Tennessee,37605,true
Fivespan,27 Meadow Ridge Point,Charleston,West Virginia,25336,false
Chatterpoint,3383 2nd Center,Brockton,Massachusetts,02405,false
Fanoodle,3 6th Pass,Youngstown,Ohio,44505,false
Omba,5 Oakridge Street,Littleton,Colorado,80161,false
Ntags,43685 Mockingbird Plaza,Des Moines,Iowa,50369,true
Flipbug,66237 Merchant Road,Columbus,Georgia,31904,false
Avamm,876 Thackeray Circle,Charleston,South Carolina,29411,true
Linkbridge,55 Towne Place,Lafayette,Louisiana,70505,false
Twitterlist,49962 Mallard Street,Milwaukee,Wisconsin,53277,true
Brightbean,4730 Cascade Parkway,Birmingham,Alabama,35295,true
Dabfeed,0 Corry Street,Houston,Texas,77020,true
Quimm,3 Dorton Road,Nashville,Tennessee,37220,false
Browsecat,2 7th Circle,Boston,Massachusetts,02298,false
Yodo,0 2nd Avenue,Mobile,Alabama,36670,false
Meedoo,5918 Texas Center,Winston Salem,North Carolina,27110,false
Innotype,53875 Valley Edge Avenue,Washington,District of Columbia,20010,false
Blogspan,28 Moulton Trail,Salt Lake City,Utah,84152,false
Rhyloo,05022 Merry Plaza,Jamaica,New York,11407,true
Browsezoom,15536 Longview Circle,Rockford,Illinois,61105,true
Yotz,3085 Valley Edge Drive,Cleveland,Ohio,44185,true
Skibox,02 Gale Point,Omaha,Nebraska,68197,false
Gigaclub,2 Fallview Circle,Naples,Florida,34102,false
Tagcat,029 Sherman Street,Detroit,Michigan,48217,false
Mynte,195 Oakridge Circle,Daytona Beach,Florida,32123,true
Rhycero,151 Loeprich Way,Miami,Florida,33134,true
Skipfire,383 Maywood Road,Suffolk,Virginia,23436,true
Jabbersphere,40 Pearson Road,Pittsburgh,Pennsylvania,15205,false
Nlounge,35904 Bartillon Crossing,San Antonio,Texas,78291,false
Gabcube,049 Swallow Drive,Manchester,New Hampshire,03105,true
Topiczoom,48745 Mitchell Avenue,Concord,California,94522,false
Tekfly,926 Helena Place,Jackson,Mississippi,39216,true
Wordify,4 Hovde Pass,Pensacola,Florida,32595,false
Flashspan,0 Warrior Circle,El Paso,Texas,88589,true
Edgewire,48 Melvin Point,Wilkes Barre,Pennsylvania,18763,true
Buzzbean,8088 Northridge Alley,Phoenix,Arizona,85045,false
Flashpoint,3 Canary Hill,San Jose,California,95133,true
Abata,70 Anzinger Trail,Memphis,Tennessee,38181,false
Youopia,988 Wayridge Park,Springfield,Illinois,62794,true
Brightbean,586 Shelley Pass,Chicago,Illinois,60681,false
Zoomdog,85 Arapahoe Plaza,Evanston,Illinois,60208,true
Realpoint,6832 Union Alley,Toledo,Ohio,43699,false
InnoZ,88453 Muir Court,Louisville,Kentucky,40256,false
Kare,75 Stuart Court,Columbia,South Carolina,29220,true
Skivee,30293 Drewry Road,Arvada,Colorado,80005,false
Ntag,43626 Vera Terrace,Naples,Florida,34102,false
Flashspan,4 Redwing Crossing,Indianapolis,Indiana,46216,false
Zoonder,95 Sunfield Crossing,Washington,District of Columbia,20580,false
Camido,96227 Miller Street,North Hollywood,California,91616,true
Browsecat,43 Rigney Lane,Roanoke,Virginia,24040,false
Ainyx,8 Fulton Parkway,Philadelphia,Pennsylvania,19196,false
Trudeo,6183 Village Terrace,Schaumburg,Illinois,60193,false
Skyndu,1889 Monument Junction,Inglewood,California,90310,true
Voomm,27 Di Loreto Alley,El Paso,Texas,88546,false
Tagcat,09578 Mockingbird Drive,San Antonio,Texas,78225,true
Oyondu,1 Parkside Alley,Garland,Texas,75044,false
Feedfire,16901 Brown Hill,Birmingham,Alabama,35215,false
Skibox,5 Autumn Leaf Center,Omaha,Nebraska,68134,false
Oodoo,6 Springview Pass,Portland,Oregon,97240,false
Livepath,503 Surrey Court,Long Beach,California,90840,false
Quimba,40601 Bowman Hill,Tacoma,Washington,98411,false
Eire,26937 Elgar Plaza,Birmingham,Alabama,35205,false
Pixoboo,92451 North Street,Saint Paul,Minnesota,55166,true
Realcube,9 Atwood Junction,Denver,Colorado,80204,false
Jayo,7 Mayer Alley,Jackson,Tennessee,38308,false
Shufflester,3426 Starling Street,Duluth,Minnesota,55805,true
Flipstorm,7 School Alley,Houston,Texas,77005,true
Mudo,5 Eliot Hill,Lake Charles,Louisiana,70607,false
Nlounge,136 Gateway Way,New York City,New York,10270,false
Zoozzy,49 Grayhawk Avenue,Richmond,Virginia,23260,false
Oyoyo,5 Boyd Circle,Lexington,Kentucky,40596,true
Yacero,633 Merchant Way,Oxnard,California,93034,false
Vipe,67 Mesta Plaza,Des Moines,Iowa,50347,false
Feedfire,5 Westridge Court,Utica,New York,13505,false
Kwideo,85 2nd Place,Gilbert,Arizona,85297,false
Skyvu,0937 Fisk Parkway,Pittsburgh,Pennsylvania,15250,true
Yodo,1703 Pond Terrace,Raleigh,North Carolina,27615,true
Demimbu,81681 Vernon Pass,Spokane,Washington,99205,false
Snaptags,8519 Atwood Alley,Seattle,Washington,98104,true
Skajo,7 Hanover Road,Buffalo,New York,14276,false
Flipbug,4 Buhler Crossing,Orlando,Florida,32803,false
Blognation,996 Quincy Hill,Cincinnati,Ohio,45208,true
Gigabox,947 Riverside Park,San Jose,California,95133,false
Yakidoo,6 Algoma Center,Lansing,Michigan,48956,true
Skimia,87478 Tennessee Terrace,Boston,Massachusetts,02119,true
Jaxworks,81061 Washington Avenue,Tampa,Florida,33605,false
Kwilith,1994 Paget Avenue,Sioux Falls,South Dakota,57105,false
Wikizz,97854 Lyons Avenue,Charleston,South Carolina,29403,false
Yozio,63 Nova Trail,Mount Vernon,New York,10557,true
Innotype,433 Vidon Point,Chicago,Illinois,60641,true
Livetube,54 Cordelia Avenue,Baltimore,Maryland,21239,false
Minyx,246 Prairie Rose Court,Columbus,Ohio,43226,false
Aimbo,7587 Meadow Ridge Pass,Raleigh,North Carolina,27615,true
Jaxnation,2899 Donald Park,Beaufort,South Carolina,29905,false
Realcube,9 Cordelia Terrace,Evansville,Indiana,47737,false
Wikizz,0 Darwin Lane,Conroe,Texas,77305,true
Yamia,7 Graedel Road,Fort Worth,Texas,76134,false
Tagopia,952 Dryden Hill,Lakeland,Florida,33811,false
Wikivu,928 Chinook Hill,Austin,Texas,78726,true
Yacero,41 Bluejay Trail,Houston,Texas,77020,false
Realcube,383 Knutson Park,Melbourne,Florida,32941,true
Tagpad,39106 Ronald Regan Place,Minneapolis,Minnesota,55436,true
Divape,822 Fair Oaks Place,Saint Louis,Missouri,63167,false
Gabvine,78 American Ash Junction,Durham,North Carolina,27705,false
Feednation,779 Leroy Junction,Pensacola,Florida,32505,true
Topicstorm,04 Merchant Trail,Buffalo,New York,14220,true
Devpulse,57818 New Castle Plaza,Troy,Michigan,48098,true
Browsedrive,339 Quincy Pass,Indianapolis,Indiana,46226,false
Realcube,04585 Aberg Alley,Tucson,Arizona,85715,false
Linktype,995 Menomonie Road,New Orleans,Louisiana,70129,true
Skinte,99 Lillian Plaza,Lubbock,Texas,79452,true
Skidoo,20 Hauk Crossing,Washington,District of Columbia,20244,false
Realpoint,8 Rigney Hill,Lancaster,California,93584,false
Tekfly,95406 Redwing Point,Valdosta,Georgia,31605,true
Fanoodle,1817 Pierstorff Way,Naples,Florida,33963,false
Linklinks,5031 Novick Pass,El Paso,Texas,88519,true
Vitz,975 Coleman Point,Murfreesboro,Tennessee,37131,false
Abata,33 Birchwood Street,Lynchburg,Virginia,24503,true
Divavu,2 Spenser Way,Montpelier,Vermont,05609,false
Zooxo,4 Cherokee Court,Gainesville,Florida,32627,true
Wordware,819 Quincy Place,Fort Worth,Texas,76192,true
Trupe,25 Oak Plaza,Detroit,Michigan,48275,true
Ozu,4149 Dahle Hill,Washington,District of Columbia,20525,true
Pixope,2 Armistice Crossing,Brooklyn,New York,11210,true
Feedfire,7 Bunting Way,Louisville,Kentucky,40280,true
Layo,96 Killdeer Parkway,Temple,Texas,76505,true
Brightdog,549 Waywood Hill,Montgomery,Alabama,36104,true
Dabshots,3960 Katie Road,Washington,District of Columbia,20215,false
Meevee,3 Briar Crest Plaza,Montgomery,Alabama,36104,true
Dabvine,386 Dakota Drive,Houston,Texas,77075,false
Innojam,96124 Oxford Road,Arlington,Texas,76016,true
Topiclounge,15157 Dorton Road,Fresno,California,93786,true
Realfire,036 Crowley Way,Hartford,Connecticut,06152,false
Centidel,81 Golden Leaf Drive,Minneapolis,Minnesota,55412,false
Jabbersphere,635 Delladonna Lane,Cincinnati,Ohio,45213,true
Minyx,574 Cardinal Parkway,Kansas City,Missouri,64190,true
Skibox,39903 Sunfield Road,Mesa,Arizona,85205,false
Kimia,495 Service Parkway,Charlotte,North Carolina,28242,false
Rhynoodle,016 Del Sol Plaza,New York City,New York,10110,true
Skinte,6003 Marcy Crossing,Port Charlotte,Florida,33954,true
Jayo,276 Jenna Avenue,Sioux City,Iowa,51110,false
Lajo,93845 Victoria Place,Saint Louis,Missouri,63143,true
Fivespan,6414 Fallview Place,Madison,Wisconsin,53716,false
Skimia,90 Thierer Lane,Houston,Texas,77240,false
Dynazzy,4 Sachs Plaza,Saint Louis,Missouri,63121,true
Edgeify,56520 David Plaza,San Mateo,California,94405,true
Skiba,9 Lakewood Park,El Paso,Texas,79984,true
Livetube,2359 Toban Terrace,Seattle,Washington,98109,true
Plambee,6 Corben Trail,Charlottesville,Virginia,22903,true
Wikibox,304 Prairie Rose Court,Honolulu,Hawaii,96835,false
Flipopia,88488 Golf View Alley,Newark,Delaware,19725,true
Oodoo,4675 Grover Street,Saint Petersburg,Florida,33710,false
Twitterwire,2415 Cordelia Crossing,Washington,District of Columbia,20205,false
Jabbersphere,6643 Hovde Avenue,Evansville,Indiana,47719,true
Roombo,5 Arkansas Drive,San Francisco,California,94137,true
Skyndu,26 Florence Hill,Minneapolis,Minnesota,55417,true
Quinu,47 Spenser Road,Huntsville,Alabama,35895,true
Trilia,926 Anniversary Road,Atlanta,Georgia,30328,false
Mita,9 Claremont Street,Greensboro,North Carolina,27415,true
Avaveo,0 Anniversary Lane,Chicago,Illinois,60652,true
Roomm,4977 Dennis Center,Spokane,Washington,99260,false
Zoonoodle,490 Judy Junction,Detroit,Michigan,48242,true
Centizu,6 Forster Junction,Bronx,New York,10454,true
Voonte,92 Monica Point,Dallas,Texas,75353,true
BlogXS,7916 Kim Hill,Maple Plain,Minnesota,55572,false
Aibox,335 Goodland Lane,Springfield,Illinois,62711,true
Ozu,53917 Continental Hill,Baltimore,Maryland,21281,true
Cogibox,222 Nova Hill,Salt Lake City,Utah,84110,false
Roomm,6 Claremont Junction,Pomona,California,91797,true
Realcube,9154 Elka Center,Washington,District of Columbia,20566,false
Oba,39734 Rowland Circle,San Diego,California,92127,true
Devshare,56 Bartelt Hill,Miami,Florida,33134,true
Camimbo,2392 Michigan Court,Cincinnati,Ohio,45223,false
Dynabox,64 American Ash Crossing,Washington,District of Columbia,20215,true
Meedoo,9 Southridge Pass,Boise,Idaho,83711,false
Izio,5 Derek Road,Seattle,Washington,98127,true
Twitternation,45419 Algoma Park,San Antonio,Texas,78245,true
Shufflebeat,2 Sunbrook Center,Amarillo,Texas,79182,false
Dabvine,883 Delladonna Avenue,Portland,Oregon,97206,true
Podcat,45686 Macpherson Trail,Austin,Texas,78754,false
Gigazoom,0 Summit Center,Muncie,Indiana,47306,false
Quinu,56268 Lakeland Road,Corpus Christi,Texas,78426,false
Shuffletag,667 Alpine Pass,Greeley,Colorado,80638,false
Meevee,482 Golf Course Center,Arlington,Texas,76004,true
Camido,9613 Ryan Court,Dallas,Texas,75236,false
Trudeo,46389 North Place,Meridian,Mississippi,39305,true
Fatz,74845 Briar Crest Point,Roanoke,Virginia,24048,false
Trilia,805 Melby Park,Kansas City,Missouri,64130,false
Aivee,045 Waubesa Plaza,Springfield,Missouri,65898,true
Rhybox,5 Jay Place,Dayton,Ohio,45440,false
Edgeclub,5 Sundown Place,Ridgely,Maryland,21684,false
Meemm,182 Northfield Point,Everett,Washington,98206,true
Tagpad,5681 Sheridan Street,Omaha,Nebraska,68164,true
Photofeed,1 Lillian Place,Des Moines,Iowa,50362,false
Jaxworks,47 Mayfield Junction,El Paso,Texas,79945,false
Agimba,4411 Beilfuss Way,El Paso,Texas,88530,false
Devbug,842 Maywood Way,Pasadena,California,91186,true
Browsedrive,945 Dryden Alley,Modesto,California,95354,false
Wikizz,52645 Hansons Avenue,Detroit,Michigan,48206,false
Thoughtbeat,575 Carioca Center,Nashville,Tennessee,37205,false
Edgeify,44503 Texas Trail,Charlotte,North Carolina,28205,false
Lazzy,78 Blaine Hill,Missoula,Montana,59806,true
Yodoo,72055 Novick Park,Gastonia,North Carolina,28055,false
Twitterwire,6280 Huxley Way,Dulles,Virginia,20189,true
Blognation,4195 Fisk Place,Tulsa,Oklahoma,74156,false
Zoozzy,9 Quincy Alley,North Little Rock,Arkansas,72118,true
Zoombox,96553 Havey Center,Aurora,Colorado,80044,false
Roodel,5647 Tomscot Point,Arvada,Colorado,80005,true
Linklinks,314 Leroy Avenue,Columbus,Mississippi,39705,true
Edgewire,37 Ohio Lane,Buffalo,New York,14269,false
Quamba,7972 Ilene Terrace,Louisville,Kentucky,40256,true
Devcast,87 Del Sol Alley,Atlanta,Georgia,31196,false
Gabcube,5 Warbler Circle,Fort Worth,Texas,76110,true
Thoughtbeat,27 Shoshone Place,Charlotte,North Carolina,28263,true
Twitterlist,64675 Kropf Circle,Salt Lake City,Utah,84105,true
Realblab,11004 Fisk Court,Augusta,Georgia,30911,true
Buzzdog,9443 Bobwhite Way,Evansville,Indiana,47712,false
Zoombeat,91 Westridge Lane,Roanoke,Virginia,24014,true
Skivee,6 Kennedy Pass,Seminole,Florida,34642,false
Pixonyx,64 Lindbergh Alley,Washington,District of Columbia,20078,true
Feedspan,6981 Melrose Drive,Clearwater,Florida,33758,true
Dabfeed,14 Thackeray Alley,Phoenix,Arizona,85072,false
Skyvu,53370 Meadow Valley Lane,Boston,Massachusetts,02119,true
Yakitri,28792 Muir Road,Lake Charles,Louisiana,70607,true
Feednation,5 Mayfield Pass,Saint Louis,Missouri,63167,true
Skiptube,9321 Thompson Place,Chicago,Illinois,60652,false
Yakijo,4 Alpine Center,Amarillo,Texas,79171,false
Yakidoo,06887 Surrey Way,Little Rock,Arkansas,72231,true
Eayo,2138 Acker Lane,Tucson,Arizona,85705,true
Gabtune,9363 Express Alley,Lynchburg,Virginia,24515,true
Yambee,9935 Kennedy Way,Oklahoma City,Oklahoma,73109,true
Leexo,02957 Corry Drive,Houston,Texas,77060,false
Thoughtstorm,8 Scofield Parkway,Biloxi,Mississippi,39534,true
Innotype,7 Milwaukee Crossing,Lexington,Kentucky,40515,true
Trupe,85 Hoffman Park,Rochester,New York,14683,true
Mynte,55050 Crest Line Road,Knoxville,Tennessee,37914,true
Wordware,41 Lakeland Parkway,Anchorage,Alaska,99512,false
Kwideo,96294 Haas Lane,Omaha,Nebraska,68110,false
LiveZ,80 Mifflin Terrace,Philadelphia,Pennsylvania,19131,false
Livetube,848 Everett Terrace,Boston,Massachusetts,02298,false
BlogXS,800 Lerdahl Alley,Boise,Idaho,83722,false
Zoomzone,26770 Columbus Parkway,Kansas City,Kansas,66112,true
Innojam,247 Springview Street,Orange,California,92867,false
Vidoo,106 Goodland Place,Bradenton,Florida,34282,true
Thoughtmix,871 Oxford Avenue,San Diego,California,92196,true
Topdrive,5872 Fremont Circle,Dallas,Texas,75210,false
Fivebridge,9645 Eastlawn Way,Tulsa,Oklahoma,74170,true
Zooveo,5 Lakewood Gardens Hill,Atlanta,Georgia,30351,true
Quire,4 Twin Pines Way,Shreveport,Louisiana,71115,true
Riffwire,1832 Spohn Road,Washington,District of Columbia,20409,true
Trudoo,95 Lakewood Gardens Trail,Lubbock,Texas,79491,false
Skyble,2552 Schlimgen Place,Mc Keesport,Pennsylvania,15134,true
Meetz,879 Calypso Junction,Boston,Massachusetts,02104,true
Kimia,1 Onsgard Trail,Boise,Idaho,83722,false
Mynte,113 Messerschmidt Junction,Fresno,California,93740,false
Meeveo,2491 Knutson Center,New York City,New York,10034,false
Bluezoom,619 7th Pass,New York City,New York,10099,true
Yakijo,582 Mcbride Court,Everett,Washington,98206,false
Eidel,12 Gerald Court,Springfield,Illinois,62764,true
Devbug,6758 Havey Avenue,New York City,New York,10105,false
Realcube,224 Center Trail,Greenville,South Carolina,29610,true
Demivee,2 Caliangt Trail,Long Beach,California,90840,false
Leexo,87 Colorado Way,New York City,New York,10184,true
Yoveo,46 Jay Center,Houston,Texas,77020,false
Pixope,6998 Pearson Alley,Miami,Florida,33111,false
Tavu,56751 Schlimgen Street,Lafayette,Indiana,47905,false
Divavu,25200 Blaine Drive,Knoxville,Tennessee,37939,true
Browsezoom,49038 Mesta Place,Naples,Florida,33961,false
Buzzster,88746 West Drive,El Paso,Texas,79928,false
Aivee,1293 3rd Hill,Tampa,Florida,33605,false
Linktype,8 Portage Junction,Springfield,Missouri,65805,false
Jamia,7185 Springs Lane,Midland,Texas,79710,false
Ailane,359 Sunbrook Circle,Hattiesburg,Mississippi,39404,false
Twitternation,1 Forest Circle,Shreveport,Louisiana,71166,true
Quinu,9 Mcguire Center,Las Vegas,Nevada,89115,false
Topicstorm,405 Sutherland Plaza,Bozeman,Montana,59771,false
Babblestorm,390 Victoria Trail,Huntington,West Virginia,25721,true
Gigabox,29 Troy Junction,Saint Louis,Missouri,63126,false
Blognation,456 Village Green Plaza,El Paso,Texas,79945,true
Twitterlist,13 Golf View Terrace,Fort Lauderdale,Florida,33320,false
Kwinu,013 Harper Lane,El Paso,Texas,79977,true
Twitterbridge,911 Main Center,Reading,Pennsylvania,19605,false
Skalith,93285 Hovde Avenue,Irvine,California,92612,false
Tagchat,81 Anzinger Way,Long Beach,California,90840,false
Edgewire,2 Nobel Parkway,San Antonio,Texas,78235,true
Tagcat,50679 6th Alley,Houston,Texas,77293,true
Quaxo,6 Muir Drive,Albany,New York,12237,true
Pixonyx,9 Debs Terrace,Fort Myers,Florida,33913,true
Meeveo,036 Kensington Road,Orlando,Florida,32854,false
Tanoodle,465 Montana Road,Denver,Colorado,80279,true
Edgewire,55 Thompson Point,Santa Fe,New Mexico,87592,false
Riffpedia,929 Schlimgen Street,Lexington,Kentucky,40576,false
Izio,0784 Mifflin Parkway,Evansville,Indiana,47719,true
Abatz,9 Armistice Street,Lexington,Kentucky,40524,true
Pixoboo,7 Ridge Oak Avenue,Hicksville,New York,11854,true
Eadel,0125 Pleasure Way,Tampa,Florida,33620,true
Shufflebeat,49039 Mesta Circle,Baltimore,Maryland,21275,true
Skidoo,23778 Memorial Pass,Riverside,California,92505,true
Shuffletag,59 Roth Way,Nashville,Tennessee,37228,false
Gabvine,1687 Pine View Road,Tampa,Florida,33633,false
Dynazzy,632 Knutson Road,Dayton,Ohio,45403,true
Fadeo,63966 Coleman Crossing,Seattle,Washington,98140,true
Gabvine,9 Fairview Street,Dayton,Ohio,45419,true
Geba,070 Ramsey Point,Albuquerque,New Mexico,87195,false
Yacero,1 Lyons Plaza,Akron,Ohio,44310,true
Latz,02493 Chinook Crossing,Orange,California,92867,false
Skyndu,7 Farmco Trail,Newark,New Jersey,07112,false
Youspan,904 Oriole Crossing,Detroit,Michigan,48242,true
Fliptune,693 Westerfield Point,Washington,District of Columbia,20503,false
Reallinks,104 Becker Junction,Saint Louis,Missouri,63167,false
Mybuzz,7 David Center,Dallas,Texas,75372,true
Brightdog,521 Delaware Court,Kingsport,Tennessee,37665,true
Blogtag,09159 Briar Crest Road,Grand Junction,Colorado,81505,true
Buzzshare,822 Grasskamp Parkway,Evansville,Indiana,47712,false
Ntag,73200 Autumn Leaf Place,Washington,District of Columbia,20299,false
Twitterlist,55 Moose Court,Peoria,Illinois,61640,true
Geba,3 Montana Circle,Roanoke,Virginia,24020,false
Jaxnation,66663 Glendale Place,Reno,Nevada,89519,false
Skimia,381 Eagan Lane,Saint Petersburg,Florida,33715,true
Jabbertype,4 Katie Lane,Lexington,Kentucky,40581,true
Yadel,569 Corben Court,Spring,Texas,77388,false
Zazio,6 Express Place,Tucson,Arizona,85720,true
Zoombox,92977 Gina Alley,Newport News,Virginia,23612,true
Dabtype,3124 Ridge Oak Road,Beaumont,Texas,77713,false
Pixope,49320 Badeau Plaza,Stamford,Connecticut,06922,false
Mynte,53 Steensland Court,Lakeland,Florida,33811,false
Fliptune,9440 Grover Avenue,Portland,Oregon,97286,true
Devify,048 Hovde Circle,Ogden,Utah,84403,false
Meejo,473 Anzinger Center,Lehigh Acres,Florida,33972,true
Roomm,115 Rusk Crossing,Huntsville,Alabama,35810,true
Fivechat,553 Butterfield Parkway,Pittsburgh,Pennsylvania,15205,true
Skilith,66150 Bonner Hill,Washington,District of Columbia,20036,true
Jatri,0225 Chive Alley,Hartford,Connecticut,06145,false
Feedmix,0 Bluejay Pass,New York City,New York,10160,true
Trupe,4397 Miller Avenue,Memphis,Tennessee,38168,false
Jaxworks,5646 Crescent Oaks Lane,Round Rock,Texas,78682,true
Eazzy,652 Paget Center,Spartanburg,South Carolina,29305,false
Devify,5372 Transport Road,Albuquerque,New Mexico,87180,true
Brightbean,303 Nelson Crossing,Jamaica,New York,11431,true
InnoZ,38 5th Parkway,Minneapolis,Minnesota,55412,false
Jabbersphere,6448 Mosinee Center,Raleigh,North Carolina,27605,true
Demimbu,9 Stone Corner Pass,Sarasota,Florida,34233,false
Linkbuzz,2 Main Drive,Duluth,Minnesota,55811,true
Wikibox,514 Scoville Circle,Spokane,Washington,99260,true
Myworks,1801 Caliangt Avenue,Fairfield,Connecticut,06825,false
Fatz,86988 Wayridge Parkway,Richmond,Virginia,23208,false
Zoomdog,594 Atwood Hill,Washington,District of Columbia,20022,true
Mymm,964 Oakridge Plaza,Lake Charles,Louisiana,70616,true
Avamba,3 Basil Parkway,Atlanta,Georgia,30340,false
Photolist,228 Meadow Vale Pass,Peoria,Arizona,85383,true
Meedoo,7346 Golf View Pass,Washington,District of Columbia,20546,true
Reallinks,6366 Superior Center,Fort Lauderdale,Florida,33320,true
Mydeo,7223 Gerald Park,Portsmouth,New Hampshire,03804,true
Dabtype,4 Hanover Street,Cumming,Georgia,30130,true
Innojam,042 Grasskamp Park,Corpus Christi,Texas,78470,false
Fiveclub,9 Clarendon Crossing,Louisville,Kentucky,40233,true
Brightdog,4 Arrowood Circle,Washington,District of Columbia,20299,false
Riffwire,56 Ilene Drive,Tucson,Arizona,85705,true
Aimbu,5 Blackbird Way,Hagerstown,Maryland,21747,true
Yakitri,68 Laurel Parkway,Atlanta,Georgia,30306,true
Gevee,7192 Coleman Circle,Colorado Springs,Colorado,80935,false
Thoughtblab,4 Amoth Plaza,West Palm Beach,Florida,33411,false
Yodoo,616 Schurz Terrace,Kansas City,Kansas,66105,true
Janyx,09624 Buena Vista Road,Macon,Georgia,31205,true
Tekfly,08775 Talmadge Lane,Miami,Florida,33124,false
Realfire,7 Glendale Street,Yakima,Washington,98907,false
Dabvine,4 Mandrake Hill,Durham,North Carolina,27717,false
Meezzy,25677 South Street,Chico,California,95973,false
Yakijo,2747 Jenifer Junction,Aurora,Colorado,80045,true
Gigaclub,904 Anderson Road,San Diego,California,92110,false
Dynabox,565 Daystar Plaza,Saint Paul,Minnesota,55166,false
Realbridge,22 Vermont Center,Birmingham,Alabama,35220,true
Bluezoom,7134 Meadow Vale Pass,New York City,New York,10099,true
Tazzy,810 Towne Lane,Minneapolis,Minnesota,55417,false
Yakitri,28564 Hintze Crossing,Atlanta,Georgia,31106,true
Zooveo,8309 Russell Way,Miami,Florida,33233,true
Yodel,0535 Ronald Regan Pass,Louisville,Kentucky,40205,false
LiveZ,3826 Farragut Terrace,Grand Rapids,Michigan,49510,true
JumpXS,9 Pankratz Avenue,Lexington,Kentucky,40586,false
Yodoo,189 Starling Trail,Washington,District of Columbia,20073,true
Flashspan,7 Lillian Pass,Washington,District of Columbia,20535,true
Zoonoodle,808 Esker Junction,Fort Worth,Texas,76121,true
Zooxo,25003 Magdeline Pass,Arlington,Virginia,22217,false
Oyoyo,124 Fairfield Way,San Angelo,Texas,76905,false
Kazu,77662 Carberry Crossing,Fresno,California,93721,true
Meeveo,09604 Thackeray Trail,Rockford,Illinois,61110,true
Tagcat,98141 Aberg Lane,Atlanta,Georgia,31132,false
Mycat,81 Lighthouse Bay Pass,Raleigh,North Carolina,27605,true
Vimbo,0225 Linden Lane,Lexington,Kentucky,40596,true
Skipstorm,5 Main Park,Louisville,Kentucky,40256,false
Dabvine,625 Reindahl Pass,Houston,Texas,77015,true
Cogilith,28063 Lakewood Gardens Street,Beaufort,South Carolina,29905,false
Feedfire,804 Grayhawk Way,Akron,Ohio,44329,true
Muxo,1 Novick Center,Washington,District of Columbia,20016,false
Meedoo,87453 Menomonie Street,Rochester,New York,14624,false
Linktype,791 Badeau Avenue,Dallas,Texas,75226,true
Eabox,9978 East Avenue,Atlanta,Georgia,30351,false
Youspan,7 Fieldstone Terrace,Washington,District of Columbia,20546,false
Yakitri,1 Hoard Center,Billings,Montana,59105,true
Thoughtstorm,90857 Fremont Place,Houston,Texas,77030,true
Skimia,67 Mayfield Avenue,Mobile,Alabama,36605,false
Skibox,350 Nova Hill,Peoria,Illinois,61651,false
Mydo,87 Becker Crossing,Mobile,Alabama,36641,true
Eamia,25 Rockefeller Alley,Minneapolis,Minnesota,55412,true
Tagtune,3 Shoshone Plaza,Detroit,Michigan,48275,true
Rhyloo,40 Claremont Drive,Mansfield,Ohio,44905,true
Yodel,12 Carberry Terrace,Baltimore,Maryland,21216,true
Kaymbo,86 Cardinal Terrace,Lexington,Kentucky,40586,false
Lazzy,63193 Daystar Circle,Washington,District of Columbia,20022,false
Zoombox,800 Lake View Avenue,Springfield,Illinois,62705,false
Topicshots,0 Wayridge Plaza,Gainesville,Florida,32605,true
Voomm,7 Delladonna Street,Detroit,Michigan,48275,false
Vinder,60942 Rigney Point,Cape Coral,Florida,33915,false
Yabox,222 Rigney Plaza,Pasadena,California,91131,false
Meetz,09 Eliot Road,Lancaster,Pennsylvania,17605,true
Quinu,4 Myrtle Lane,Morgantown,West Virginia,26505,false
Thoughtbeat,8 Lyons Point,Henderson,Nevada,89012,true
Oyoloo,21 Pawling Hill,Phoenix,Arizona,85045,true
Yodo,7 Bultman Hill,Tampa,Florida,33680,true
Divape,25 Mockingbird Terrace,Jefferson City,Missouri,65105,true
Topicstorm,74174 Brentwood Hill,Saint Louis,Missouri,63169,true
Demimbu,8 Hagan Trail,Roanoke,Virginia,24029,true
Tagopia,248 Atwood Point,Dayton,Ohio,45440,false
DabZ,10 Petterle Pass,Wichita,Kansas,67236,false
Cogidoo,39353 Hoffman Parkway,Dallas,Texas,75241,false
Oozz,939 Onsgard Circle,New York City,New York,10024,true
Fadeo,0 Garrison Place,Saint Petersburg,Florida,33705,true
Blognation,8 Montana Road,Charleston,West Virginia,25336,true
Centimia,05903 Clyde Gallagher Street,Corpus Christi,Texas,78470,false
Voonyx,527 Katie Lane,Los Angeles,California,90040,false
Eire,327 Grayhawk Court,San Antonio,Texas,78278,true
Vinte,6470 Heath Pass,Toledo,Ohio,43615,false
Mita,286 Hallows Avenue,Las Cruces,New Mexico,88006,true
Livefish,43942 Center Trail,Honolulu,Hawaii,96845,true
Wordpedia,34664 Garrison Plaza,Pittsburgh,Pennsylvania,15255,true
Babbleblab,3 Lunder Drive,Oklahoma City,Oklahoma,73119,true
Feednation,5591 Charing Cross Lane,Mobile,Alabama,36670,true
Podcat,69111 Dryden Drive,Greensboro,North Carolina,27415,false
Edgepulse,7 Rusk Point,Las Vegas,Nevada,89178,false
Jabbercube,77 Union Alley,Memphis,Tennessee,38188,true
Centizu,63 Schiller Plaza,Portland,Maine,04109,false
Zoonder,81 Pawling Point,Columbus,Mississippi,39705,true
Avaveo,676 Vera Park,Memphis,Tennessee,38114,false
Realmix,4 Merrick Pass,Waltham,Massachusetts,02453,true
Browsezoom,18048 Golf Street,Omaha,Nebraska,68105,true
Realblab,9537 Oxford Center,Spartanburg,South Carolina,29319,false
Camimbo,554 Warrior Street,Bridgeport,Connecticut,06606,false
Oyoyo,6 Shopko Circle,Sacramento,California,94286,true
InnoZ,561 Summit Road,Pittsburgh,Pennsylvania,15255,false
Demizz,23 Anzinger Street,Las Vegas,Nevada,89140,true
Jayo,1107 Linden Hill,Sterling,Virginia,20167,false
Gigazoom,332 Mcbride Pass,Oklahoma City,Oklahoma,73109,true
Gigashots,7 Weeping Birch Center,San Antonio,Texas,78296,true
Flipstorm,29 David Crossing,Portland,Oregon,97232,false
Fatz,1299 American Ash Hill,Cedar Rapids,Iowa,52405,true
Yodel,95 Loeprich Road,Philadelphia,Pennsylvania,19184,true
InnoZ,68 Jackson Parkway,Cleveland,Ohio,44125,false
Brightdog,06 Shoshone Alley,Washington,District of Columbia,20210,false
Wordtune,3779 Gina Crossing,Orlando,Florida,32885,true
Nlounge,6003 Laurel Crossing,Detroit,Michigan,48267,true
Leenti,4 Merrick Parkway,Topeka,Kansas,66606,true
Yabox,906 Hauk Hill,El Paso,Texas,88530,true
Quaxo,57 Springs Terrace,Texarkana,Texas,75507,true
Skynoodle,16 Weeping Birch Alley,Troy,Michigan,48098,true
Yozio,68455 Mitchell Park,Rochester,New York,14624,false
Skiptube,20905 Northport Plaza,Tulsa,Oklahoma,74184,false
Leenti,71 Spenser Junction,Erie,Pennsylvania,16534,true
Twitterlist,795 Schurz Crossing,Henderson,Nevada,89012,false
Tagchat,00211 John Wall Drive,Cedar Rapids,Iowa,52410,false
Wikibox,831 Walton Point,Wichita,Kansas,67230,true
Skinix,98619 Karstens Road,Hartford,Connecticut,06120,true
InnoZ,0706 Farragut Circle,Dallas,Texas,75353,true
Zoomdog,533 Brickson Park Crossing,Lubbock,Texas,79415,true
Yodo,7755 Manufacturers Court,Miami,Florida,33233,false
Browsedrive,04616 Mcbride Plaza,Berkeley,California,94712,false
Flashpoint,2448 Warner Junction,Charlotte,North Carolina,28210,false
Kaymbo,7766 Mayer Parkway,Carol Stream,Illinois,60158,false
Zoombeat,677 Declaration Lane,Van Nuys,California,91411,true
Yozio,73044 Basil Road,Littleton,Colorado,80161,true
Devshare,40825 Anthes Alley,Indianapolis,Indiana,46207,false
Quimba,5354 Prairie Rose Trail,Dallas,Texas,75251,false
Ntag,4777 Butternut Road,Rochester,New York,14609,true
Zoomdog,261 Kennedy Point,Austin,Texas,78783,true
Roomm,3 Forest Parkway,Fort Myers,Florida,33994,true
Quatz,557 Bunting Plaza,El Paso,Texas,79911,false
Mycat,83 Becker Alley,Saint Cloud,Minnesota,56372,false
Pixoboo,70 Tennessee Court,Round Rock,Texas,78682,true
Linklinks,81865 Linden Terrace,Orange,California,92867,false
Twitterlist,06 Sullivan Parkway,Odessa,Texas,79764,false
Voolith,141 Hauk Trail,Philadelphia,Pennsylvania,19093,true
Geba,904 Waxwing Terrace,Tampa,Florida,33661,false
Avamba,592 Manley Pass,Austin,Texas,78726,true
Photobean,83 Golf View Lane,Denver,Colorado,80243,false
Cogidoo,847 Onsgard Hill,Virginia Beach,Virginia,23459,true
Meeveo,844 Doe Crossing Drive,Atlanta,Georgia,31165,false
Oyondu,10 Express Lane,Santa Barbara,California,93111,true
Browsecat,00296 Delladonna Center,Kansas City,Missouri,64114,true
Twinte,57 Comanche Place,Anaheim,California,92812,false
Zooxo,33 Prentice Terrace,Erie,Pennsylvania,16550,true
Voonder,66 Eliot Junction,Norfolk,Virginia,23504,true
Twiyo,6740 Fairview Alley,Houston,Texas,77293,true
Realmix,2 American Center,Fresno,California,93778,false
Buzzshare,7 Harper Plaza,Cincinnati,Ohio,45203,false
Feedfire,51 Moland Hill,Sacramento,California,95813,false
Tazzy,00 Lerdahl Circle,Corpus Christi,Texas,78415,true
Zoombeat,751 Westridge Pass,Herndon,Virginia,22070,true
Bubblebox,367 Farwell Way,Louisville,Kentucky,40205,true
Jetwire,88337 2nd Terrace,Colorado Springs,Colorado,80920,false
Fatz,0835 Thackeray Plaza,Saint Paul,Minnesota,55108,false
Geba,63 Ridgeview Crossing,Oklahoma City,Oklahoma,73152,false
Cogibox,4564 Tony Hill,Ocala,Florida,34479,false
Yozio,25 Hintze Street,Phoenix,Arizona,85025,false
Mita,5339 Amoth Avenue,Ventura,California,93005,true
Livetube,433 Merry Pass,Hialeah,Florida,33013,true
Rhyloo,88 Packers Plaza,Pittsburgh,Pennsylvania,15210,false
Skyba,50 Bartelt Pass,Tallahassee,Florida,32309,true
Wordware,28257 Schurz Alley,Reading,Pennsylvania,19610,false
Flipstorm,1 Hudson Plaza,Sarasota,Florida,34238,false
Aibox,8 Bashford Plaza,Watertown,Massachusetts,02472,true
Rhynyx,12558 Oneill Court,Baton Rouge,Louisiana,70836,false
Trilia,46733 Cascade Circle,Washington,District of Columbia,20205,false
Gigazoom,46989 Blaine Pass,San Diego,California,92170,true
Lazz,1029 Maple Wood Court,Bismarck,North Dakota,58505,false
Vimbo,40 Kinsman Terrace,Las Cruces,New Mexico,88006,true
Oba,16 Maywood Circle,Tulsa,Oklahoma,74108,false
Skyndu,0097 Sloan Pass,Naples,Florida,33963,false
Plambee,770 Florence Way,Memphis,Tennessee,38188,true
Layo,74 Hoard Way,Providence,Rhode Island,02912,true
Gabtype,68552 Evergreen Place,Oklahoma City,Oklahoma,73135,false
Bubblebox,10 Tennyson Circle,Des Moines,Iowa,50362,true
Shuffletag,64 Superior Junction,Boulder,Colorado,80310,true
Camido,41106 Sherman Drive,Vancouver,Washington,98687,false
Aibox,1361 Quincy Hill,Jefferson City,Missouri,65105,false
Avaveo,549 Hollow Ridge Street,Gaithersburg,Maryland,20883,false
Agimba,5 Ruskin Place,Saint Paul,Minnesota,55123,false
Voonte,04313 Hoffman Hill,Birmingham,Alabama,35254,false
Devpulse,9502 Donald Center,San Mateo,California,94405,false
Edgeclub,1 Banding Circle,Shawnee Mission,Kansas,66205,true
Vitz,173 Division Street,Charleston,West Virginia,25331,false
Avamba,7 Scofield Pass,Durham,North Carolina,27717,false
Twinte,589 Macpherson Lane,Pittsburgh,Pennsylvania,15205,true
Eamia,552 Union Trail,Austin,Texas,78764,true
Skimia,7 Florence Point,Pittsburgh,Pennsylvania,15210,false
Skyble,3249 Oakridge Trail,Des Moines,Iowa,50315,true
Nlounge,3 Barnett Place,New York City,New York,10160,false
JumpXS,11462 Hovde Drive,Syracuse,New York,13224,true
Bluejam,62 Paget Crossing,Rochester,New York,14646,false
Jamia,9 Hoard Plaza,Cleveland,Ohio,44177,true
Babbleblab,6 Boyd Place,San Jose,California,95108,true
Topiczoom,22 Little Fleur Park,El Paso,Texas,79955,false
Demivee,093 Messerschmidt Center,Dayton,Ohio,45419,false
Jaxbean,8 Jackson Place,San Jose,California,95155,true
Skynoodle,7 Pond Crossing,Washington,District of Columbia,20370,false
Zoomdog,7 Nova Drive,Indianapolis,Indiana,46254,true
Kwinu,198 Lighthouse Bay Plaza,Columbia,Missouri,65218,true
Eire,38 5th Drive,Dallas,Texas,75260,true
Camido,895 Hanson Court,Pensacola,Florida,32505,false
Innojam,19080 Lawn Park,Chicago,Illinois,60609,false
Meemm,137 Buhler Point,Billings,Montana,59105,false
Jamia,390 Warrior Point,Chesapeake,Virginia,23324,false
Meevee,55 Eliot Way,Kansas City,Kansas,66112,true
Zoomzone,60863 Pleasure Lane,Des Moines,Iowa,50310,false
Rooxo,386 Carey Trail,El Paso,Texas,79950,true
Kare,42 Hudson Point,Reno,Nevada,89505,true
Divape,2230 East Crossing,Dallas,Texas,75260,false
Avamba,6671 Ryan Court,Miami,Florida,33245,true
Meevee,6 Holy Cross Park,Las Vegas,Nevada,89140,true
Skajo,2 Loomis Alley,Clearwater,Florida,34615,true
Buzzdog,911 Maple Wood Pass,Atlanta,Georgia,30311,true
Jaxnation,82 Reindahl Hill,Carlsbad,California,92013,true
Eidel,6691 Westend Way,Birmingham,Alabama,35290,false
Chatterpoint,6110 Ruskin Way,Columbus,Ohio,43231,false
Yambee,2 Southridge Lane,Flint,Michigan,48550,false
Topdrive,16 Cascade Junction,Indianapolis,Indiana,46226,true
Rhynoodle,1 Calypso Park,Tacoma,Washington,98424,false
Innojam,6701 South Street,Phoenix,Arizona,85010,true
Meedoo,8112 Carpenter Alley,Washington,District of Columbia,20073,true
Skimia,0 Vermont Court,Akron,Ohio,44393,true
Rooxo,41 Rusk Parkway,Panama City,Florida,32405,false
Tagfeed,486 Annamark Avenue,New Orleans,Louisiana,70129,false
Fadeo,94035 Spenser Place,Dulles,Virginia,20189,false
Jaxspan,27 Doe Crossing Point,Philadelphia,Pennsylvania,19191,true
Rhynyx,7077 Utah Trail,Providence,Rhode Island,02905,true
Photojam,6 Oak Alley,Jamaica,New York,11480,true
Quimm,48 Bartillon Parkway,East Saint Louis,Illinois,62205,false
Edgeclub,8 Browning Terrace,Miami Beach,Florida,33141,true
Aivee,6046 Weeping Birch Trail,Atlanta,Georgia,30392,true
Cogilith,2479 Artisan Park,El Paso,Texas,79916,false
Oloo,748 Pankratz Park,Columbus,Ohio,43220,true
Viva,1 5th Hill,San Diego,California,92115,true
Midel,2166 West Point,Billings,Montana,59105,true
Zoozzy,4533 Weeping Birch Hill,Philadelphia,Pennsylvania,19178,false
Zoombox,56034 Laurel Alley,Kansas City,Missouri,64101,false
Eayo,6 Arrowood Trail,Fresno,California,93762,false
Demimbu,76 Sommers Junction,Jeffersonville,Indiana,47134,true
Cogilith,490 Utah Point,Detroit,Michigan,48242,false
Realfire,0940 Reindahl Court,Cleveland,Ohio,44130,true
Eare,41 Lillian Drive,Katy,Texas,77493,false
Thoughtbeat,53263 Oxford Hill,Burbank,California,91505,true
Eabox,36287 Walton Junction,Valley Forge,Pennsylvania,19495,false
Fiveclub,7 Sherman Way,Houston,Texas,77245,true
Realblab,6531 Rutledge Lane,Hartford,Connecticut,06105,true
Thoughtsphere,1414 Prentice Alley,Las Vegas,Nevada,89115,true
Quamba,712 Corry Crossing,Evansville,Indiana,47732,true
Skyndu,734 Burning Wood Road,Austin,Texas,78754,true
Dablist,84 Washington Way,Jacksonville,Florida,32255,false
Thoughtstorm,05083 Duke Road,Sacramento,California,94257,false
Avavee,94544 Susan Crossing,Miami,Florida,33134,true
Yakijo,45 Randy Pass,Fort Smith,Arkansas,72905,false
Edgepulse,5 Bultman Way,Port Charlotte,Florida,33954,false
Skyble,53 Green Ridge Way,Santa Barbara,California,93150,false
Livefish,554 Waxwing Point,Seattle,Washington,98166,true
Realblab,11 Gerald Terrace,Annapolis,Maryland,21405,false
Lazzy,99569 Cordelia Terrace,Evanston,Illinois,60208,true
Quinu,294 Green Ridge Road,Dallas,Texas,75265,true
Dynava,4940 Sugar Drive,Dayton,Ohio,45403,false
Buzzster,9 Nelson Drive,Oxnard,California,93034,true
Zoozzy,80 Homewood Park,Denver,Colorado,80243,true
Gigashots,48 Northfield Circle,Modesto,California,95397,true
Skilith,9 Pearson Park,Sacramento,California,94273,true
Yakijo,924 Crescent Oaks Place,Daytona Beach,Florida,32123,true
Shuffledrive,49 Basil Park,Bakersfield,California,93381,false
Skyvu,77642 Kim Place,Newton,Massachusetts,02458,false
Snaptags,78451 Steensland Circle,Midland,Michigan,48670,true
Twitterbeat,32 Miller Parkway,Hyattsville,Maryland,20784,true
Feednation,347 Debra Parkway,Charlotte,North Carolina,28230,false
Kwilith,79 American Ash Lane,Hartford,Connecticut,06152,true
Kimia,9732 Northridge Crossing,Cleveland,Ohio,44177,false
Mybuzz,3133 Farwell Pass,Denver,Colorado,80270,false
Youtags,82 Carberry Way,Pueblo,Colorado,81015,true
Skyble,515 Artisan Trail,Erie,Pennsylvania,16522,true
Topicblab,29 Delladonna Drive,Saint Petersburg,Florida,33705,true
Tagtune,037 Fordem Alley,Wichita,Kansas,67220,true
Linktype,730 Towne Lane,Syracuse,New York,13210,true
Flashspan,611 Susan Street,Austin,Texas,78769,true
Oozz,6 Morning Parkway,Knoxville,Tennessee,37939,false
Skivee,1 Declaration Court,Dearborn,Michigan,48126,true
Zazio,99 Fuller Alley,Montpelier,Vermont,05609,false
Quinu,85701 Barby Park,Charlottesville,Virginia,22903,true
Skimia,2189 Dorton Court,Seattle,Washington,98109,true
Fiveclub,5045 Hayes Circle,San Diego,California,92145,false
Teklist,97436 Namekagon Place,Baton Rouge,Louisiana,70815,false
Innotype,48157 Hanson Road,Huntington,West Virginia,25711,true
Midel,70319 4th Way,Montpelier,Vermont,05609,false
Zoomcast,91617 Bellgrove Center,Omaha,Nebraska,68117,false
Zoombox,9 Kedzie Center,Peoria,Illinois,61635,false
Meemm,701 Granby Junction,Carol Stream,Illinois,60158,true
Photolist,1178 Atwood Hill,Fort Wayne,Indiana,46857,true
Roodel,8 Southridge Drive,Brooklyn,New York,11254,false
Talane,90340 Doe Crossing Drive,New York City,New York,10004,false
Tagpad,04 Old Shore Center,Houston,Texas,77299,true
Trupe,82823 Union Avenue,Las Vegas,Nevada,89150,true
Oyoyo,9137 Sachtjen Point,Denver,Colorado,80255,false
Skiptube,078 Melby Hill,Trenton,New Jersey,08695,false
Camimbo,865 Hudson Hill,Carlsbad,California,92013,true
Skiptube,3646 Goodland Avenue,Miami,Florida,33245,true
Chatterpoint,4 Little Fleur Crossing,Washington,District of Columbia,20380,true
Fivebridge,69 Forest Run Place,Stockton,California,95205,true
Rhycero,09 Packers Plaza,Oklahoma City,Oklahoma,73190,false
Quimba,02 Haas Street,Louisville,Kentucky,40298,false
Omba,83 Schurz Plaza,Berkeley,California,94705,false
Oyondu,9 Weeping Birch Drive,Washington,District of Columbia,20215,true
Blogtag,7490 Mandrake Court,Tulsa,Oklahoma,74103,true
Kazio,20585 School Drive,Eugene,Oregon,97405,false
InnoZ,7337 Susan Trail,Roanoke,Virginia,24024,false
Dabtype,2322 Shopko Alley,Newport News,Virginia,23612,false
Blogspan,83 Schurz Court,Salt Lake City,Utah,84170,true
Avamm,869 Eastlawn Terrace,Pittsburgh,Pennsylvania,15230,true
Aimbo,38300 Pine View Lane,Washington,District of Columbia,20067,false
Podcat,44 Badeau Road,Lawrenceville,Georgia,30245,true
Fatz,4 Cascade Parkway,San Antonio,Texas,78230,true
Flashspan,81 Spohn Point,Long Beach,California,90831,false
Voonyx,67 Sunnyside Street,Santa Fe,New Mexico,87592,false
Photolist,63098 Pine View Crossing,Hayward,California,94544,true
Meevee,59 Dapin Road,Toledo,Ohio,43666,false
Yamia,86 Badeau Point,North Las Vegas,Nevada,89087,false
Yakitri,5150 Mosinee Drive,Miami,Florida,33175,true
Katz,8452 Armistice Pass,Orlando,Florida,32830,false
Edgepulse,87 North Avenue,Fairfield,Connecticut,06825,false
Zava,6028 Sherman Place,London,Kentucky,40745,true
Gigaclub,7 Walton Lane,Atlanta,Georgia,30306,true
Browsetype,8 Becker Court,Raleigh,North Carolina,27635,false
Edgeblab,72 Forster Crossing,Trenton,New Jersey,08695,false
Yakijo,79 Reinke Park,Springfield,Missouri,65898,true
Youopia,61 Kinsman Trail,Trenton,New Jersey,08638,true
Wordpedia,30024 Scofield Parkway,Topeka,Kansas,66611,true
Quimm,595 Gina Circle,Fort Worth,Texas,76121,true
Feedfire,5 Carberry Crossing,Schenectady,New York,12325,true
Photolist,0719 Red Cloud Plaza,Durham,North Carolina,27710,true
Blogpad,6809 Cottonwood Parkway,Portland,Oregon,97229,true
Gabcube,97 Forest Dale Pass,Fresno,California,93778,true
Topicblab,11 Hayes Trail,Montgomery,Alabama,36109,true
Kamba,64 Hagan Circle,Fairbanks,Alaska,99709,true
Topicshots,45064 Bowman Pass,Waterbury,Connecticut,06726,true
Browsecat,2 Pierstorff Street,Oklahoma City,Oklahoma,73104,true
Browsecat,68369 Dexter Center,Sacramento,California,94263,true
Wikibox,514 Crest Line Center,Pasadena,Texas,77505,true
Skidoo,592 Ridgeview Lane,Tulsa,Oklahoma,74103,false
Zava,7453 Dottie Pass,Norfolk,Virginia,23504,true
Roodel,16 Farwell Point,El Paso,Texas,88525,true
Dabfeed,40 Cody Drive,San Jose,California,95160,false
Twimbo,18 Southridge Park,Winter Haven,Florida,33884,true
Thoughtbeat,72673 Cottonwood Terrace,Sandy,Utah,84093,false
Twiyo,151 Lillian Avenue,Beaufort,South Carolina,29905,false
Twimm,4 Kipling Crossing,Mobile,Alabama,36610,false
Gabtune,96 Twin Pines Hill,Birmingham,Alabama,35295,true
Muxo,94 Union Parkway,Texarkana,Texas,75507,true
Brightbean,396 Rutledge Point,Saint Louis,Missouri,63121,false
Oloo,8025 Cottonwood Court,Jacksonville,Florida,32277,false
Meedoo,275 Huxley Terrace,Detroit,Michigan,48217,false
Tagopia,61 Gale Street,Spring,Texas,77388,false
Demivee,66 Autumn Leaf Pass,Beaumont,Texas,77713,true
Riffwire,82979 Fairfield Hill,Anchorage,Alaska,99512,false
Youspan,6 Hooker Circle,Dallas,Texas,75265,false
Mydo,466 Jenna Center,Athens,Georgia,30610,true
Kanoodle,3381 Rowland Plaza,Virginia Beach,Virginia,23454,false
Topicstorm,2 Artisan Way,New York City,New York,10099,false
Jaxnation,9 Spohn Parkway,Scranton,Pennsylvania,18514,true
Browsecat,8 Caliangt Court,Washington,District of Columbia,20268,true
Youbridge,13239 Bayside Hill,Dallas,Texas,75277,false
Oyonder,24204 Ohio Avenue,Metairie,Louisiana,70005,true
Eidel,161 Iowa Park,Garland,Texas,75044,true
Omba,74 North Court,Pompano Beach,Florida,33075,false
Vidoo,0364 Fisk Drive,Saint Louis,Missouri,63110,false
Browsecat,91462 Scott Way,Bethlehem,Pennsylvania,18018,false
Skyvu,78996 4th Avenue,Buffalo,New York,14276,false
Realmix,218 Butternut Center,Columbus,Ohio,43226,true
Livepath,43926 Caliangt Plaza,Orlando,Florida,32868,true
Midel,1038 Harbort Avenue,Los Angeles,California,90020,false
Skinte,66 Thompson Park,Buffalo,New York,14220,false
Reallinks,7816 Sheridan Court,Kissimmee,Florida,34745,true
Linkbuzz,243 Lighthouse Bay Lane,Milwaukee,Wisconsin,53205,false
Dabshots,465 Ohio Pass,Utica,New York,13505,true
Edgetag,77 Forest Pass,Staten Island,New York,10305,false
Einti,01 Grayhawk Lane,Los Angeles,California,90101,false
Thoughtsphere,5443 Sugar Hill,Little Rock,Arkansas,72231,false
Devify,4671 Westport Pass,Denver,Colorado,80228,false
Gabvine,00 Kinsman Street,Dallas,Texas,75236,false
Blogpad,13 Tennyson Lane,Baltimore,Maryland,21239,false
Trudoo,36 Hanson Lane,Charlotte,North Carolina,28278,true
Avamba,1808 Golf View Circle,Tulsa,Oklahoma,74184,true
Skinix,73 Colorado Trail,Suffolk,Virginia,23436,true
Eadel,405 Clemons Junction,San Jose,California,95138,true
Jaxnation,0226 Anhalt Pass,Anderson,South Carolina,29625,false
